RATE DATE,SELLING TT,USD/MUR,MCB Spread
13-Jan-2020 8:42,36.92,35.10,5.18%
14-Jan-2020 8:39,36.9,35.45,4.09%
15-Jan-2020 8:51,36.9,35.26,4.65%
16-Jan-2020 8:39,36.85,35.11,4.97%
17-Jan-2020 8:40,36.9,35.12,5.08%
20-Jan-2020 8:44,36.98,35.20,5.06%
21-Jan-2020 8:36,36.98,35.30,4.77%
22-Jan-2020 8:48,37.02,35.27,4.95%
23-Jan-2020 8:48,37.02,35.63,3.90%
24-Jan-2020 8:56,37.1,35.38,4.86%
27-Jan-2020 8:50,37.15,35.65,4.21%
28-Jan-2020 8:58,37.15,35.48,4.71%
29-Jan-2020 8:44,37.16,35.49,4.70%
30-Jan-2020 8:40,37.16,35.54,4.57%
31-Jan-2020 8:44,37.16,35.43,4.88%
03-Feb-2020 8:46,37.06,35.44,4.57%
04-Feb-2020 8:45,37.13,35.39,4.91%
05-Feb-2020 8:42,37.2,35.54,4.68%
06-Feb-2020 8:40,37.3,35.54,4.96%
07-Feb-2020 8:52,37.33,35.31,5.73%
10-Feb-2020 8:47,37.4,35.78,4.54%
11-Feb-2020 8:46,37.5,35.68,5.10%
12-Feb-2020 8:33,37.5,35.73,4.97%
13-Feb-2020 8:40,37.6,36.20,3.87%
14-Feb-2020 8:40,37.7,35.92,4.97%
17-Feb-2020 8:40,37.7,36.50,3.29%
18-Feb-2020 8:52,37.7,35.86,5.13%
19-Feb-2020 8:44,37.78,36.45,3.65%
20-Feb-2020 8:45,37.79,36.26,4.21%
24-Feb-2020 8:54,37.79,36.12,4.62%
25-Feb-2020 8:45,37.79,36.07,4.77%
26-Feb-2020 8:47,37.79,36.07,4.78%
27-Feb-2020 8:46,37.79,36.04,4.86%
28-Feb-2020 8:45,37.7,36.34,3.76%
02-Mar-2020 8:44,37.6,35.95,4.59%
03-Mar-2020 8:40,37.5,36.11,3.85%
04-Mar-2020 8:39,37.5,35.98,4.22%
05-Mar-2020 8:48,37.6,35.92,4.69%
06-Mar-2020 8:49,37.45,35.72,4.85%
09-Mar-2020 8:49,37.25,35.99,3.50%
10-Mar-2020 8:42,37.25,36.02,3.40%
10-Mar-2020 15:33,38.1,36.02,5.76%
11-Mar-2020 8:52,38.1,37.15,2.56%
13-Mar-2020 8:39,38.6,36.90,4.61%
16-Mar-2020 8:46,38.9,37.11,4.83%
17-Mar-2020 8:44,38.9,37.79,2.93%
18-Mar-2020 8:45,39.7,37.93,4.67%
19-Mar-2020 9:05,39.3,37.45,4.95%
20-Mar-2020 8:59,39.3,38.03,3.34%
23-Mar-2020 8:58,39.65,37.81,4.88%
24-Mar-2020 8:52,39.65,38.02,4.29%
26-Mar-2020 8:37,39.6,37.79,4.79%
27-Mar-2020 8:41,39.5,38.15,3.53%
30-Mar-2020 8:35,39.5,37.74,4.66%
31-Mar-2020 8:36,39.57,37.89,4.44%
01-Apr-2020 8:34,39.57,37.83,4.59%
02-Apr-2020 8:34,39.85,38.02,4.83%
03-Apr-2020 8:35,39.9,38.28,4.24%
06-Apr-2020 10:51,40,38.36,4.29%
07-Apr-2020 8:38,40,37.92,5.49%
08-Apr-2020 8:39,39.75,37.91,4.84%
09-Apr-2020 8:43,39.75,37.97,4.68%
10-Apr-2020 8:25,39.75,38.36,3.62%
13-Apr-2020 8:22,39.75,38.35,3.65%
14-Apr-2020 8:43,39.95,38.51,3.74%
15-Apr-2020 8:39,39.95,38.12,4.81%
16-Apr-2020 8:27,40.1,38.32,4.65%
17-Apr-2020 8:31,40.1,38.43,4.35%
20-Apr-2020 8:29,40.1,38.95,2.95%
21-Apr-2020 8:30,40.21,38.61,4.13%
22-Apr-2020 8:44,40.4,38.36,5.31%
23-Apr-2020 8:28,40.2,38.51,4.40%
24-Apr-2020 8:37,40.4,38.61,4.65%
27-Apr-2020 8:37,40.35,39.06,3.30%
28-Apr-2020 8:42,40.45,38.67,4.62%
29-Apr-2020 8:35,40.45,38.73,4.45%
30-Apr-2020 8:32,40.45,38.48,5.13%
04-May-2020 8:49,40.3,38.62,4.35%
05-May-2020 8:44,40.4,38.67,4.48%
06-May-2020 8:48,40.55,38.47,5.41%
07-May-2020 8:46,40.3,38.61,4.37%
08-May-2020 8:53,40.35,38.33,5.28%
11-May-2020 8:41,40.45,38.67,4.61%
12-May-2020 8:38,40.55,38.47,5.41%
13-May-2020 8:37,40.3,38.46,4.77%
14-May-2020 8:39,40.45,38.66,4.63%
15-May-2020 8:40,40.45,38.45,5.19%
18-May-2020 8:32,40.3,38.52,4.62%
19-May-2020 8:33,40.3,38.93,3.51%
20-May-2020 8:41,40.28,38.88,3.60%
21-May-2020 8:37,40.28,38.47,4.71%
22-May-2020 8:40,40.3,38.46,4.79%
25-May-2020 8:37,40.35,38.57,4.60%
26-May-2020 8:33,40.35,38.63,4.47%
27-May-2020 8:33,40.35,38.54,4.71%
28-May-2020 8:40,40.3,38.90,3.60%
29-May-2020 8:33,40.3,38.83,3.79%
01-Jun-2020 8:55,40.3,38.90,3.60%
02-Jun-2020 8:43,40.3,38.70,4.13%
03-Jun-2020 8:41,40.15,38.71,3.72%
04-Jun-2020 8:44,40.15,39.15,2.55%
05-Jun-2020 8:47,40.15,38.47,4.36%
08-Jun-2020 8:39,40.2,39.10,2.81%
09-Jun-2020 8:43,40.1,38.43,4.35%
10-Jun-2020 8:46,40.1,38.73,3.53%
11-Jun-2020 8:34,40.1,38.74,3.51%
12-Jun-2020 8:38,40.2,38.37,4.76%
15-Jun-2020 8:50,40.15,38.43,4.47%
16-Jun-2020 8:40,40.15,39.10,2.69%
17-Jun-2020 8:36,40.25,38.76,3.84%
18-Jun-2020 8:30,40.2,38.66,3.97%
19-Jun-2020 8:45,40.27,39.00,3.26%
22-Jun-2020 8:48,40.3,38.92,3.54%
23-Jun-2020 8:38,40.25,38.82,3.69%
24-Jun-2020 8:37,40.25,38.81,3.70%
25-Jun-2020 8:32,40.3,39.25,2.68%
26-Jun-2020 8:36,40.35,38.92,3.68%
29-Jun-2020 8:28,40.35,38.94,3.62%
30-Jun-2020 8:40,40.4,39.15,3.19%
01-Jul-2020 8:54,40.4,39.15,3.19%
02-Jul-2020 8:37,40.4,38.51,4.90%
03-Jul-2020 8:39,40.15,38.92,3.16%
06-Jul-2020 8:33,40.15,38.70,3.75%
07-Jul-2020 8:28,40.15,38.86,3.32%
08-Jul-2020 8:33,40.25,39.05,3.07%
09-Jul-2020 8:33,40.2,38.95,3.21%
10-Jul-2020 8:28,40.3,38.64,4.31%
13-Jul-2020 8:53,40.3,38.97,3.41%
14-Jul-2020 8:42,40.3,38.69,4.17%
15-Jul-2020 8:48,40.15,38.54,4.18%
16-Jul-2020 8:50,40.2,38.95,3.21%
17-Jul-2020 8:43,40.3,38.96,3.44%
20-Jul-2020 8:50,40.3,39.06,3.17%
21-Jul-2020 8:35,40.4,39.35,2.67%
22-Jul-2020 8:37,40.4,38.76,4.24%
23-Jul-2020 8:35,40.5,38.61,4.90%
24-Jul-2020 8:41,40.5,38.86,4.21%
27-Jul-2020 8:50,40.45,38.71,4.49%
28-Jul-2020 8:50,40.15,38.87,3.31%
29-Jul-2020 8:38,40.15,38.70,3.75%
30-Jul-2020 8:39,40.1,38.74,3.52%
31-Jul-2020 8:49,40.05,38.55,3.89%
03-Aug-2020 8:45,40.15,38.70,3.75%
04-Aug-2020 8:34,40.15,38.71,3.72%
05-Aug-2020 8:32,40.1,38.70,3.62%
06-Aug-2020 8:36,40.15,38.43,4.47%
07-Aug-2020 8:35,40.15,38.68,3.80%
10-Aug-2020 8:41,40.13,38.75,3.56%
11-Aug-2020 8:40,40.2,38.75,3.74%
12-Aug-2020 8:32,40.25,38.73,3.94%
13-Aug-2020 8:34,40.2,38.41,4.66%
14-Aug-2020 9:01,40.1,38.39,4.46%
17-Aug-2020 8:39,40.05,38.37,4.38%
18-Aug-2020 8:31,40.05,38.45,4.17%
19-Aug-2020 8:29,40,38.43,4.08%
20-Aug-2020 8:35,40.15,38.71,3.72%
21-Aug-2020 8:37,40.15,38.43,4.48%
24-Aug-2020 8:47,40.25,38.70,4.01%
25-Aug-2020 8:35,40.25,39.01,3.18%
26-Aug-2020 9:01,40.25,38.76,3.84%
27-Aug-2020 8:00,40.25,38.75,3.87%
27-Aug-2020 11:38,40.2,38.75,3.74%
28-Aug-2020 8:39,40.2,38.48,4.46%
31-Aug-2020 8:48,40.15,38.75,3.61%
01-Sep-2020 8:46,40.1,38.65,3.75%
02-Sep-2020 8:28,40.2,38.44,4.58%
03-Sep-2020 8:40,40.25,38.75,3.87%
04-Sep-2020 8:31,40.25,38.53,4.45%
07-Sep-2020 8:45,40.25,38.53,4.47%
08-Sep-2020 8:48,40.25,38.85,3.60%
09-Sep-2020 8:41,40.3,38.74,4.03%
10-Sep-2020 8:50,40.2,38.48,4.48%
11-Sep-2020 8:50,40.2,38.53,4.33%
07-Oct-2020 8:46,40.2,38.75,3.74%
14-Sep-2020 8:41,40.2,38.75,3.74%
15-Sep-2020 8:27,40.2,38.48,4.46%
16-Sep-2020 8:35,40.2,38.68,3.93%
17-Sep-2020 8:35,40.3,38.85,3.73%
18-Sep-2020 8:28,40.2,38.49,4.45%
21-Sep-2020 8:34,40.2,38.75,3.74%
22-Sep-2020 8:37,40.25,38.16,5.47%
08-Oct-2020 8:43,40.2,38.75,3.74%
23-Sep-2020 8:36,40.3,38.85,3.73%
24-Sep-2020 8:42,40.3,38.91,3.57%
25-Sep-2020 8:39,40.35,38.61,4.50%
28-Sep-2020 8:41,40.35,38.76,4.09%
29-Sep-2020 8:36,40.35,38.90,3.73%
30-Sep-2020 8:34,40.3,38.84,3.76%
01-Oct-2020 8:40,40.3,38.57,4.49%
02-Oct-2020 9:32,40.3,38.56,4.51%
05-Oct-2020 8:42,40.3,38.85,3.73%
06-Oct-2020 8:50,40.25,38.47,4.63%
12-Oct-2020 8:40,40.2,38.79,3.63%
13-Oct-2020 8:35,40.2,39.10,2.81%
14-Oct-2020 8:38,40.15,38.42,4.50%
15-Oct-2020 8:37,40.15,38.85,3.35%
16-Oct-2020 8:45,40.3,38.58,4.45%
19-Oct-2020 8:44,40.3,38.63,4.32%
20-Oct-2020 8:41,40.25,38.90,3.47%
21-Oct-2020 8:30,40.25,39.10,2.94%
22-Oct-2020 8:24,40.25,38.99,3.23%
23-Oct-2020 8:43,40.3,39.16,2.91%
26-Oct-2020 8:46,40.3,38.86,3.71%
27-Oct-2020 8:25,40.3,38.58,4.46%
28-Oct-2020 8:35,40.35,38.90,3.73%
29-Oct-2020 8:39,40.35,38.95,3.59%
30-Oct-2020 8:37,40.45,38.96,3.82%
03-Nov-2020 8:47,40.45,38.62,4.74%
04-Nov-2020 8:48,40.35,39.01,3.44%
05-Nov-2020 8:47,40.35,39.00,3.46%
06-Nov-2020 8:47,40.3,38.69,4.17%
09-Nov-2020 8:42,40.25,39.01,3.18%
10-Nov-2020 8:35,40.3,39.06,3.17%
11-Nov-2020 8:36,40.35,38.96,3.57%
12-Nov-2020 8:36,40.4,38.85,3.99%
13-Nov-2020 8:39,40.3,38.85,3.73%
16-Nov-2020 8:39,40.25,39.20,2.68%
17-Nov-2020 8:34,40.25,38.90,3.47%
18-Nov-2020 8:28,40.25,38.75,3.87%
19-Nov-2020 8:50,40.2,38.75,3.74%
20-Nov-2020 8:45,40.2,38.58,4.19%
23-Nov-2020 9:00,40.2,38.90,3.34%
24-Nov-2020 8:00,40.2,38.64,4.04%
24-Nov-2020 11:33,40.35,38.64,4.43%
25-Nov-2020 8:38,40.3,38.90,3.60%
26-Nov-2020 8:41,40.3,38.59,4.44%
27-Nov-2020 8:47,40.3,38.85,3.73%
30-Nov-2020 8:47,40.25,38.60,4.28%
01-Dec-2020 8:43,40.25,38.86,3.58%
02-Dec-2020 8:37,40.18,38.80,3.56%
03-Dec-2020 8:40,40.15,38.97,3.04%
04-Dec-2020 8:43,40.15,38.56,4.12%
07-Dec-2020 8:56,40.15,38.51,4.25%
08-Dec-2020 8:42,40.2,38.55,4.28%
09-Dec-2020 8:35,40,38.90,2.83%
10-Dec-2020 8:34,40.05,38.76,3.32%
11-Dec-2020 8:46,40,38.37,4.25%
14-Dec-2020 8:41,40.05,38.37,4.39%
15-Dec-2020 8:39,40.05,38.60,3.76%
16-Dec-2020 8:28,40.05,38.12,5.07%
17-Dec-2020 8:38,39.8,38.34,3.81%
18-Dec-2020 8:44,39.75,38.13,4.26%
21-Dec-2020 8:40,39.85,38.12,4.53%
22-Dec-2020 8:44,39.8,38.23,4.12%
23-Dec-2020 8:37,39.85,38.50,3.51%
24-Dec-2020 8:44,39.85,38.54,3.40%
28-Dec-2020 8:47,39.85,38.45,3.64%
29-Dec-2020 8:35,39.85,38.23,4.25%
30-Dec-2020 8:28,39.8,38.28,3.98%
31-Dec-2020 9:23,39.8,38.70,2.84%
04-Jan-2021 8:58,39.8,38.40,3.65%
05-Jan-2021 9:02,39.8,38.18,4.23%
06-Jan-2021 8:40,39.8,38.35,3.78%
07-Jan-2021 8:43,39.75,38.41,3.49%
08-Jan-2021 8:32,39.85,38.15,4.45%
11-Jan-2021 8:45,39.95,38.25,4.44%
12-Jan-2021 8:33,39.7,38.26,3.76%
19-Jan-2021 8:32,39.95,38.37,4.13%
20-Jan-2021 8:38,39.9,38.64,3.26%
21-Jan-2021 8:38,39.95,38.27,4.40%
22-Jan-2021 8:38,39.95,38.50,3.77%
25-Jan-2021 8:38,39.95,38.45,3.90%
26-Jan-2021 8:36,39.95,38.45,3.90%
27-Jan-2021 8:38,39.95,38.59,3.52%
29-Jan-2021 8:43,40.05,38.36,4.40%
02-Feb-2021 8:42,40.05,38.70,3.49%
03-Feb-2021 8:38,40.1,38.70,3.62%
04-Feb-2021 8:41,40.1,38.44,4.31%
05-Feb-2021 8:38,40.15,38.48,4.33%
08-Feb-2021 8:44,40.1,38.75,3.48%
09-Feb-2021 8:47,40.2,38.51,4.39%
10-Feb-2021 8:42,40.15,38.75,3.61%
11-Feb-2021 8:48,40.15,38.75,3.61%
15-Feb-2021 8:40,40.15,38.75,3.61%
30-Apr-2021 8:38,40.75,39.29,3.72%
16-Feb-2021 8:34,40.15,39.16,2.53%
03-May-2021 8:35,40.8,39.20,4.07%
17-Feb-2021 8:41,40.2,38.75,3.74%
18-Feb-2021 8:36,40.2,38.51,4.39%
19-Feb-2021 8:40,40.15,38.76,3.59%
22-Feb-2021 8:00,40.15,38.47,4.38%
22-Feb-2021 10:22,40.15,38.47,4.38%
04-May-2021 8:38,40.8,39.35,3.68%
23-Feb-2021 8:47,40.15,38.46,4.39%
05-May-2021 8:37,40.8,39.84,2.41%
24-Feb-2021 8:46,40.15,38.47,4.37%
25-Feb-2021 8:46,40.15,38.52,4.24%
26-Feb-2021 8:50,40.15,38.62,3.97%
01-Mar-2021 8:55,40.25,38.80,3.74%
02-Mar-2021 9:00,40.25,38.71,3.99%
03-Mar-2021 8:45,40.2,38.85,3.47%
07-May-2021 8:31,40.8,39.70,2.77%
04-Mar-2021 8:45,40.25,38.85,3.60%
10-May-2021 8:44,40.75,39.07,4.30%
05-Mar-2021 8:46,40.35,38.59,4.55%
08-Mar-2021 8:38,40.4,38.68,4.44%
09-Mar-2021 8:42,40.4,38.95,3.72%
10-Mar-2021 16:30,40.4,38.95,3.72%
15-Mar-2021 8:38,40.35,38.99,3.48%
16-Mar-2021 8:52,40.35,39.25,2.80%
17-Mar-2021 8:42,40.7,39.25,3.69%
18-Mar-2021 8:41,40.7,38.99,4.38%
19-Mar-2021 8:36,40.7,38.99,4.39%
22-Mar-2021 8:47,40.7,39.25,3.69%
23-Mar-2021 8:40,40.7,39.30,3.56%
24-Mar-2021 8:42,40.8,39.30,3.82%
25-Mar-2021 8:33,40.75,38.98,4.54%
26-Mar-2021 8:37,40.8,39.30,3.82%
29-Mar-2021 8:35,40.8,39.35,3.68%
30-Mar-2021 8:35,40.8,39.07,4.43%
11-May-2021 8:51,40.75,39.55,3.03%
31-Mar-2021 8:40,40.85,39.80,2.64%
01-Apr-2021 8:41,40.85,39.59,3.18%
02-Apr-2021 8:38,40.85,39.40,3.68%
05-Apr-2021 8:32,40.85,39.40,3.68%
06-Apr-2021 8:35,40.85,39.14,4.38%
07-Apr-2021 8:45,40.8,39.10,4.35%
08-Apr-2021 8:36,40.8,39.39,3.58%
09-Apr-2021 8:33,40.8,39.68,2.83%
12-May-2021 8:38,40.8,39.11,4.32%
12-Apr-2021 8:41,40.8,39.35,3.68%
13-May-2021 8:41,40.85,39.46,3.52%
15-Apr-2021 8:43,40.8,40.20,1.49%
17-May-2021 8:32,40.85,39.40,3.68%
16-Apr-2021 8:39,40.8,39.16,4.19%
18-May-2021 8:38,40.85,39.29,3.97%
19-Apr-2021 9:23,40.85,39.35,3.81%
19-May-2021 8:39,40.75,39.31,3.66%
20-Apr-2021 8:41,40.8,40.30,1.24%
20-May-2021 8:32,40.8,39.64,2.93%
21-Apr-2021 9:04,40.8,39.41,3.53%
22-Apr-2021 8:43,40.8,39.20,4.07%
24-May-2021 8:34,40.8,39.42,3.50%
23-Apr-2021 8:34,40.8,39.17,4.17%
26-Apr-2021 9:21,40.8,39.40,3.55%
27-Apr-2021 8:37,40.8,39.30,3.82%
29-Apr-2021 8:41,40.8,39.30,3.82%
25-May-2021 8:37,40.8,39.17,4.16%
26-May-2021 8:41,40.85,39.39,3.71%
27-May-2021 8:36,40.85,39.45,3.55%
28-May-2021 8:37,40.85,39.21,4.18%
31-May-2021 8:39,40.85,40.30,1.36%
01-Jun-2021 8:35,40.85,39.72,2.83%
02-Jun-2021 8:40,40.85,39.65,3.03%
03-Jun-2021 8:38,40.85,39.67,2.98%
04-Jun-2021 8:33,40.95,39.50,3.67%
07-Jun-2021 8:37,40.9,39.65,3.15%
08-Jun-2021 8:41,40.9,39.50,3.54%
09-Jun-2021 8:35,40.9,40.20,1.74%
10-Jun-2021 8:43,40.9,39.42,3.76%
10-Jun-2021 15:03,41.15,39.42,4.39%
11-Jun-2021 8:34,41.15,39.46,4.29%
14-Jun-2021 8:42,41.2,39.51,4.28%
15-Jun-2021 9:01,41.2,39.80,3.52%
16-Jun-2021 8:44,41.2,39.55,4.17%
17-Jun-2021 8:45,41.3,39.85,3.64%
18-Jun-2021 8:37,41.35,39.63,4.34%
21-Jun-2021 8:42,41.4,39.74,4.18%
22-Jun-2021 8:37,41.4,39.70,4.29%
23-Jun-2021 8:39,41.4,39.94,3.66%
24-Jun-2021 8:50,41.4,40.00,3.50%
25-Jun-2021 8:39,41.4,39.69,4.32%
28-Jun-2021 8:39,41.4,41.51,-0.26%
28-Jun-2021 11:58,42.95,41.51,3.47%
29-Jun-2021 8:36,42.95,41.50,3.49%
30-Jun-2021 8:37,42.95,42.00,2.26%
01-Jul-2021 8:36,43.1,41.38,4.15%
02-Jul-2021 8:39,43.1,42.10,2.38%
05-Jul-2021 8:41,43.1,42.10,2.38%
06-Jul-2021 8:40,43.1,41.80,3.11%
07-Jul-2021 8:43,43.15,42.15,2.37%
08-Jul-2021 8:41,43.15,41.70,3.48%
09-Jul-2021 8:38,43.15,41.23,4.65%
12-Jul-2021 8:41,42.95,41.23,4.17%
13-Jul-2021 8:44,42.95,42.05,2.14%
14-Jul-2021 8:38,43,41.78,2.92%
15-Jul-2021 8:44,43,42.00,2.38%
16-Jul-2021 8:47,43,42.00,2.38%
19-Jul-2021 8:36,43,41.80,2.87%
20-Jul-2021 8:42,43,41.55,3.49%
21-Jul-2021 8:34,43,41.50,3.61%
22-Jul-2021 8:41,42.95,41.53,3.42%
23-Jul-2021 8:39,42.95,41.83,2.68%
26-Jul-2021 8:33,42.95,41.53,3.41%
27-Jul-2021 8:36,42.95,41.60,3.25%
28-Jul-2021 8:35,42.95,41.50,3.49%
29-Jul-2021 8:36,42.95,41.84,2.65%
30-Jul-2021 8:37,42.95,41.20,4.25%
02-Aug-2021 8:38,42.9,41.45,3.50%
03-Aug-2021 8:37,42.9,41.55,3.25%
04-Aug-2021 8:39,42.9,41.20,4.13%
05-Aug-2021 8:29,42.9,41.65,3.00%
06-Aug-2021 8:35,42.9,41.82,2.57%
09-Aug-2021 8:38,42.95,41.50,3.49%
10-Aug-2021 8:40,42.95,41.62,3.20%
11-Aug-2021 8:37,42.95,41.23,4.18%
12-Aug-2021 8:33,42.95,41.90,2.51%
13-Aug-2021 8:36,42.95,41.17,4.34%
16-Aug-2021 8:33,42.9,41.45,3.50%
17-Aug-2021 8:30,42.9,41.17,4.20%
18-Aug-2021 8:41,42.95,41.80,2.75%
19-Aug-2021 8:33,42.95,41.90,2.51%
20-Aug-2021 8:50,42.95,41.12,4.45%
23-Aug-2021 8:39,42.85,41.12,4.20%
24-Aug-2021 8:37,42.85,41.40,3.50%
25-Aug-2021 8:39,42.85,41.70,2.76%
26-Aug-2021 8:36,42.85,42.05,1.90%
27-Aug-2021 8:42,42.85,41.70,2.76%
30-Aug-2021 8:36,42.85,41.69,2.78%
31-Aug-2021 8:43,42.85,42.05,1.90%
01-Sep-2021 8:35,42.85,41.35,3.63%
02-Sep-2021 8:41,42.8,41.35,3.51%
03-Sep-2021 8:40,42.8,41.23,3.80%
06-Sep-2021 8:44,42.8,41.35,3.51%
07-Sep-2021 8:44,42.8,41.50,3.13%
08-Sep-2021 8:41,42.8,41.10,4.14%
09-Sep-2021 8:35,42.8,41.40,3.38%
10-Sep-2021 9:35,42.8,41.03,4.30%
13-Sep-2021 8:50,42.75,41.25,3.64%
14-Sep-2021 8:46,42.75,41.30,3.51%
15-Sep-2021 8:29,42.75,42.05,1.66%
16-Sep-2021 8:25,42.75,42.05,1.66%
17-Sep-2021 8:35,42.8,41.70,2.64%
20-Sep-2021 8:35,42.8,41.40,3.38%
21-Sep-2021 8:26,42.85,41.39,3.53%
22-Sep-2021 8:32,42.85,41.40,3.50%
23-Sep-2021 8:30,42.85,41.59,3.03%
24-Sep-2021 8:34,42.85,41.46,3.36%
27-Sep-2021 8:38,42.85,41.40,3.50%
28-Sep-2021 8:30,42.85,41.70,2.76%
29-Sep-2021 8:37,42.85,41.90,2.27%
30-Sep-2021 8:26,42.9,41.65,3.00%
01-Oct-2021 8:31,42.9,41.40,3.62%
04-Oct-2021 8:35,42.9,41.60,3.12%
05-Oct-2021 8:42,42.9,41.76,2.73%
06-Oct-2021 8:36,42.9,41.50,3.37%
07-Oct-2021 8:34,42.95,41.85,2.63%
08-Oct-2021 8:34,42.95,41.30,4.00%
11-Oct-2021 8:41,43.05,41.80,2.99%
12-Oct-2021 8:40,43.05,41.30,4.24%
13-Oct-2021 8:36,43.05,41.90,2.74%
14-Oct-2021 8:41,43.05,41.90,2.74%
15-Oct-2021 8:43,43.05,41.76,3.08%
18-Oct-2021 8:44,43.05,41.89,2.77%
19-Oct-2021 8:39,43.05,41.90,2.74%
20-Oct-2021 8:38,43.05,41.31,4.21%
21-Oct-2021 8:42,43.05,41.60,3.49%
22-Oct-2021 8:43,43.05,41.48,3.80%
25-Oct-2021 8:39,43.05,41.60,3.48%
26-Oct-2021 8:40,43.05,41.90,2.74%
27-Oct-2021 8:44,43.05,42.16,2.12%
28-Oct-2021 8:37,43.05,42.05,2.38%
29-Oct-2021 8:41,43.05,41.76,3.09%
03-Nov-2021 8:34,43.1,41.76,3.20%
05-Nov-2021 8:39,43.15,42.15,2.37%
08-Nov-2021 8:38,43.15,42.30,2.01%
09-Nov-2021 8:39,43.15,42.20,2.25%
10-Nov-2021 8:38,43.1,42.15,2.25%
11-Nov-2021 8:39,43.2,42.20,2.37%
12-Nov-2021 8:39,43.2,41.91,3.07%
15-Nov-2021 8:44,43.3,42.20,2.61%
16-Nov-2021 8:39,43.4,42.25,2.72%
17-Nov-2021 8:44,43.5,42.31,2.81%
18-Nov-2021 8:39,43.48,42.30,2.79%
19-Nov-2021 8:32,43.37,41.98,3.30%
22-Nov-2021 8:43,43.42,42.50,2.16%
23-Nov-2021 8:40,43.5,42.40,2.59%
24-Nov-2021 8:36,43.5,42.95,1.28%
25-Nov-2021 8:39,43.5,43.00,1.16%
26-Nov-2021 8:47,43.5,41.66,4.41%
29-Nov-2021 8:36,43.42,43.09,0.77%
30-Nov-2021 8:35,43.42,42.50,2.16%
01-Dec-2021 8:34,43.42,42.38,2.46%
02-Dec-2021 8:39,43.42,41.65,4.26%
03-Dec-2021 8:37,43.5,41.67,4.39%
06-Dec-2021 8:41,43.5,41.97,3.65%
07-Dec-2021 8:44,43.42,41.96,3.48%
08-Dec-2021 8:43,43.45,42.40,2.48%
09-Dec-2021 8:38,43.45,42.65,1.88%
09-Dec-2021 11:40,43.5,42.65,1.99%
10-Dec-2021 8:41,43.5,42.32,2.80%
13-Dec-2021 8:40,43.5,42.65,1.99%
14-Dec-2021 8:42,43.55,42.65,2.11%
15-Dec-2021 8:42,43.55,41.92,3.89%
16-Dec-2021 8:39,43.55,42.10,3.44%
17-Dec-2021 8:42,43.55,42.52,2.43%
20-Dec-2021 8:36,43.6,42.69,2.13%
21-Dec-2021 8:45,43.7,42.57,2.65%
22-Dec-2021 8:35,43.7,42.85,1.98%
23-Dec-2021 8:38,43.7,42.58,2.64%
24-Dec-2021 8:33,43.7,42.36,3.17%
27-Dec-2021 8:40,43.55,42.77,1.81%
28-Dec-2021 8:43,43.55,42.37,2.78%
29-Dec-2021 8:43,43.55,42.60,2.23%
30-Dec-2021 8:43,43.55,42.58,2.28%
31-Dec-2021 8:41,43.55,42.28,3.01%
04-Jan-2022 8:37,43.55,42.10,3.44%
05-Jan-2022 8:44,43.55,42.10,3.44%
06-Jan-2022 8:51,43.55,42.69,2.01%
07-Jan-2022 8:37,43.55,42.38,2.75%
10-Jan-2022 8:42,43.55,42.90,1.52%
11-Jan-2022 8:42,43.55,42.85,1.63%
12-Jan-2022 8:41,43.55,42.54,2.37%
13-Jan-2022 8:40,43.65,42.49,2.72%
14-Jan-2022 8:45,43.65,42.80,1.99%
17-Jan-2022 8:42,43.65,42.85,1.87%
19-Jan-2022 8:40,43.7,42.80,2.10%
20-Jan-2022 8:40,43.7,42.72,2.29%
21-Jan-2022 8:33,43.7,42.36,3.18%
24-Jan-2022 8:32,43.7,42.70,2.34%
25-Jan-2022 8:36,43.75,42.65,2.58%
26-Jan-2022 8:42,43.75,42.67,2.53%
27-Jan-2022 8:37,43.85,42.60,2.93%
28-Jan-2022 8:37,43.9,41.79,5.06%
31-Jan-2022 8:36,43.6,42.70,2.11%
03-Feb-2022 8:41,43.6,42.34,2.98%
04-Feb-2022 8:40,43.6,42.54,2.49%
07-Feb-2022 8:42,43.65,42.54,2.61%
08-Feb-2022 8:44,43.65,42.86,1.84%
09-Feb-2022 8:45,43.65,42.70,2.22%
10-Feb-2022 8:37,43.75,42.70,2.46%
11-Feb-2022 8:39,43.8,42.76,2.43%
14-Feb-2022 8:39,43.85,42.07,4.22%
15-Feb-2022 8:38,43.85,42.40,3.42%
16-Feb-2022 8:44,43.85,42.58,2.98%
17-Feb-2022 8:38,43.85,42.15,4.03%
18-Feb-2022 8:43,43.6,42.53,2.52%
21-Feb-2022 8:39,43.6,42.42,2.78%
22-Feb-2022 8:42,43.7,42.85,1.98%
23-Feb-2022 8:41,43.8,43.00,1.86%
24-Feb-2022 8:43,43.9,43.10,1.86%
25-Feb-2022 8:36,44,42.67,3.12%
28-Feb-2022 8:34,44.1,42.50,3.76%
02-Mar-2022 8:40,44.1,43.30,1.85%
03-Mar-2022 8:38,44.25,43.29,2.22%
04-Mar-2022 8:44,44.3,42.89,3.29%
07-Mar-2022 8:34,44.45,42.25,5.21%
08-Mar-2022 8:38,43.7,42.75,2.22%
09-Mar-2022 8:36,43.7,43.15,1.27%
10-Mar-2022 8:43,43.7,43.30,0.92%
11-Mar-2022 8:35,43.8,43.10,1.62%
14-Mar-2022 8:51,43.9,43.03,2.03%
15-Mar-2022 8:33,43.9,43.35,1.27%
16-Mar-2022 8:46,43.95,43.36,1.36%
17-Mar-2022 8:51,43.95,43.35,1.38%
18-Mar-2022 8:51,44.05,43.28,1.78%
21-Mar-2022 8:50,44.1,42.94,2.71%
22-Mar-2022 8:48,44.25,43.65,1.37%
22-Mar-2022 16:36,44.4,43.65,1.72%
23-Mar-2022 8:50,44.25,43.09,2.70%
23-Mar-2022 16:20,44.6,43.09,3.51%
24-Mar-2022 8:47,44.35,43.46,2.05%
25-Mar-2022 8:38,44.35,43.45,2.07%
28-Mar-2022 8:46,44.4,43.95,1.02%
29-Mar-2022 8:50,44.4,43.65,1.72%
30-Mar-2022 8:42,44.4,43.35,2.42%
31-Mar-2022 8:42,44.4,43.99,0.93%
01-Apr-2022 8:52,44.4,43.32,2.49%
04-Apr-2022 8:41,44.4,43.70,1.60%
05-Apr-2022 8:51,44.75,43.58,2.69%
06-Apr-2022 8:46,44.75,43.47,2.94%
07-Apr-2022 8:36,44.75,43.86,2.03%
08-Apr-2022 8:44,44.8,41.78,7.24%
08-Apr-2022 11:14,43.6,41.78,4.37%
11-Apr-2022 8:42,43.6,42.07,3.64%
12-Apr-2022 8:36,43.6,41.87,4.14%
13-Apr-2022 8:36,43.6,41.57,4.88%
13-Apr-2022 13:46,43.4,41.57,4.40%
14-Apr-2022 8:39,43.35,41.51,4.43%
15-Apr-2022 9:03,43.45,42.05,3.33%
18-Apr-2022 8:52,43.45,42.05,3.33%
19-Apr-2022 8:48,43.45,41.67,4.28%
20-Apr-2022 8:48,43.45,41.61,4.41%
21-Apr-2022 8:42,43.45,41.66,4.29%
22-Apr-2022 8:42,43.45,41.54,4.59%
25-Apr-2022 8:37,43.35,41.50,4.47%
26-Apr-2022 8:42,43.35,41.79,3.72%
27-Apr-2022 8:33,43.35,41.18,5.27%
28-Apr-2022 8:41,43.4,41.62,4.27%
29-Apr-2022 8:41,43.4,41.87,3.65%
02-May-2022 8:52,43.4,41.27,5.17%
04-May-2022 8:41,43.4,41.59,4.35%
05-May-2022 8:28,43.35,41.57,4.27%
06-May-2022 8:46,43.4,41.85,3.71%
09-May-2022 8:38,43.4,41.33,5.02%
10-May-2022 8:35,43.4,41.83,3.76%
11-May-2022 8:36,43.4,41.78,3.88%
12-May-2022 8:49,43.5,41.91,3.81%
13-May-2022 8:55,43.5,41.56,4.66%
13-May-2022 11:25,43.45,41.56,4.54%
16-May-2022 8:46,43.45,41.87,3.78%
17-May-2022 8:43,43.45,41.28,5.27%
18-May-2022 8:48,43.4,41.82,3.77%
19-May-2022 8:54,43.4,41.88,3.63%
20-May-2022 8:51,43.35,41.68,4.01%
20-May-2022 13:09,43.55,41.68,4.49%
23-May-2022 8:39,43.55,42.00,3.70%
24-May-2022 8:40,43.55,42.50,2.47%
25-May-2022 8:40,43.55,41.85,4.07%
26-May-2022 8:41,43.55,41.70,4.44%
27-May-2022 8:49,43.55,41.93,3.87%
30-May-2022 8:42,43.55,42.21,3.18%
30-May-2022 10:45,43.85,42.21,3.89%
31-May-2022 8:34,43.55,41.71,4.42%
31-May-2022 10:40,43.85,41.71,5.14%
01-Jun-2022 8:39,43.55,41.99,3.72%
02-Jun-2022 8:40,43.65,42.21,3.41%
02-Jun-2022 11:28,43.95,42.21,4.12%
03-Jun-2022 8:53,43.6,41.75,4.42%
03-Jun-2022 11:22,43.9,41.75,5.14%
06-Jun-2022 8:48,43.6,41.75,4.43%
06-Jun-2022 11:24,43.9,41.75,5.15%
07-Jun-2022 8:43,43.95,42.49,3.43%
08-Jun-2022 8:46,43.95,43.05,2.09%
09-Jun-2022 8:46,43.95,42.59,3.20%
09-Jun-2022 12:45,44.45,42.59,4.37%
10-Jun-2022 8:52,44.05,42.67,3.23%
10-Jun-2022 11:43,44.55,42.67,4.41%
13-Jun-2022 8:37,44.15,42.66,3.49%
13-Jun-2022 11:17,44.55,42.66,4.43%
14-Jun-2022 8:36,44.55,42.96,3.71%
15-Jun-2022 8:40,44.55,42.97,3.69%
15-Jun-2022 10:32,44.55,42.97,3.69%
16-Jun-2022 8:40,44.55,43.18,3.17%
17-Jun-2022 8:42,44.45,43.53,2.12%
20-Jun-2022 8:30,44.45,43.52,2.14%
21-Jun-2022 8:40,44.45,43.17,2.96%
21-Jun-2022 11:16,45.05,43.17,4.35%
22-Jun-2022 8:48,44.55,43.73,1.87%
22-Jun-2022 10:51,45.05,43.73,3.01%
23-Jun-2022 8:49,44.55,42.67,4.41%
23-Jun-2022 10:29,45.1,42.67,5.70%
24-Jun-2022 8:50,44.55,43.53,2.33%
24-Jun-2022 11:05,45.4,43.53,4.28%
27-Jun-2022 8:42,44.55,43.53,2.33%
27-Jun-2022 10:52,45.4,43.53,4.28%
28-Jun-2022 8:54,44.55,43.53,2.35%
28-Jun-2022 10:38,45.4,43.53,4.30%
29-Jun-2022 8:54,44.55,43.46,2.51%
29-Jun-2022 11:35,45.35,43.46,4.35%
30-Jun-2022 8:42,44.6,44.32,0.64%
01-Jul-2022 8:35,45,44.27,1.65%
01-Jul-2022 13:28,45.4,44.27,2.56%
04-Jul-2022 8:41,45,44.39,1.37%
04-Jul-2022 10:32,45.8,44.39,3.18%
05-Jul-2022 8:47,45.8,43.83,4.49%
05-Jul-2022 12:22,45.75,43.83,4.38%
06-Jul-2022 8:54,45.75,44.13,3.68%
07-Jul-2022 8:47,45.75,44.38,3.09%
08-Jul-2022 8:45,45.85,43.93,4.36%
08-Jul-2022 10:50,46.35,43.93,5.50%
11-Jul-2022 8:36,45.85,43.30,5.88%
11-Jul-2022 11:26,45.25,43.30,4.50%
12-Jul-2022 8:36,45.25,43.31,4.48%
13-Jul-2022 8:41,45.25,43.46,4.13%
14-Jul-2022 8:56,45.25,43.55,3.89%
15-Jul-2022 9:03,45.25,43.72,3.49%
18-Jul-2022 8:30,45.25,44.32,2.10%
19-Jul-2022 8:44,45.25,44.04,2.76%
20-Jul-2022 8:36,45.25,43.23,4.68%
20-Jul-2022 11:17,45.15,43.23,4.45%
21-Jul-2022 8:34,45.15,43.23,4.43%
22-Jul-2022 8:46,45.15,44.02,2.56%
22-Jul-2022 14:10,45.2,44.02,2.67%
25-Jul-2022 8:56,45.15,43.93,2.77%
26-Jul-2022 8:50,45.15,43.22,4.47%
26-Jul-2022 12:07,45.8,43.22,5.98%
27-Jul-2022 8:36,45.15,43.24,4.43%
27-Jul-2022 11:07,45.8,43.24,5.93%
28-Jul-2022 8:53,45.15,44.08,2.44%
28-Jul-2022 11:32,45.8,44.08,3.91%
29-Jul-2022 8:40,45.15,44.06,2.48%
29-Jul-2022 11:26,45.8,44.06,3.95%
01-Aug-2022 8:39,45.15,43.24,4.43%
01-Aug-2022 11:30,45.8,43.24,5.93%
02-Aug-2022 8:44,45.1,44.58,1.18%
03-Aug-2022 8:35,45.1,44.18,2.09%
03-Aug-2022 12:57,46,44.18,4.13%
04-Aug-2022 8:39,45.1,43.18,4.43%
04-Aug-2022 11:48,46,43.18,6.52%
05-Aug-2022 8:50,45.1,44.52,1.30%
08-Aug-2022 8:36,45.1,44.09,2.30%
08-Aug-2022 12:58,46,44.09,4.34%
09-Aug-2022 8:44,45.1,43.03,4.81%
09-Aug-2022 11:53,44.95,43.03,4.47%
10-Aug-2022 8:39,44.95,44.19,1.73%
11-Aug-2022 8:36,44.9,43.54,3.12%
12-Aug-2022 8:34,44.9,44.02,2.00%
12-Aug-2022 11:38,45.8,44.02,4.04%
16-Aug-2022 8:46,44.95,43.87,2.45%
17-Aug-2022 8:40,44.95,43.98,2.21%
17-Aug-2022 11:57,45.9,43.98,4.38%
18-Aug-2022 8:39,44.95,44.01,2.14%
18-Aug-2022 10:45,45.95,44.01,4.41%
19-Aug-2022 8:38,45,44.48,1.16%
19-Aug-2022 10:02,46,44.48,3.41%
22-Aug-2022 8:53,45,44.89,0.24%
23-Aug-2022 8:40,45.05,42.64,5.64%
23-Aug-2022 10:33,44.6,42.64,4.59%
24-Aug-2022 8:49,44.6,42.63,4.61%
25-Aug-2022 8:54,44.6,42.65,4.58%
25-Aug-2022 12:22,44.6,42.65,4.58%
26-Aug-2022 8:44,44.6,42.64,4.60%
26-Aug-2022 10:23,44.6,42.64,4.60%
26-Aug-2022 16:47,45.3,42.64,6.25%
29-Aug-2022 8:57,44.65,42.70,4.57%
29-Aug-2022 13:00,45.3,42.70,6.09%
30-Aug-2022 8:41,44.6,42.66,4.56%
30-Aug-2022 12:20,45.3,42.66,6.20%
31-Aug-2022 8:54,44.6,43.06,3.58%
02-Sep-2022 8:48,44.6,43.64,2.20%
05-Sep-2022 8:32,44.6,43.34,2.91%
06-Sep-2022 8:35,44.65,42.68,4.61%
06-Sep-2022 12:17,45.3,42.68,6.14%
07-Sep-2022 8:50,44.7,42.49,5.19%
07-Sep-2022 11:31,44.45,42.49,4.60%
08-Sep-2022 8:49,44.45,42.80,3.85%
09-Sep-2022 8:41,44.45,43.14,3.04%
12-Sep-2022 8:46,44.45,43.52,2.14%
12-Sep-2022 11:46,44.45,43.52,2.14%
13-Sep-2022 8:55,44.45,43.70,1.71%
14-Sep-2022 8:56,44.5,43.64,1.97%
15-Sep-2022 8:45,44.55,43.50,2.41%
15-Sep-2022 11:27,44.55,43.50,2.41%
16-Sep-2022 8:47,44.6,44.06,1.22%
19-Sep-2022 8:33,44.6,43.65,2.18%
20-Sep-2022 8:37,44.6,42.40,5.20%
20-Sep-2022 11:08,44.35,42.40,4.61%
21-Sep-2022 8:34,44.35,42.87,3.45%
22-Sep-2022 8:41,44.4,43.02,3.21%
22-Sep-2022 13:26,44.4,43.02,3.21%
23-Sep-2022 8:41,44.4,43.02,3.22%
23-Sep-2022 12:00,44.4,43.02,3.22%
26-Sep-2022 8:48,44.45,44.10,0.79%
27-Sep-2022 8:30,44.5,43.99,1.16%
28-Sep-2022 8:47,44.55,43.81,1.69%
29-Sep-2022 8:41,44.55,43.62,2.12%
30-Sep-2022 8:46,44.55,44.22,0.76%
03-Oct-2022 8:41,44.55,43.03,3.52%
04-Oct-2022 8:47,44.55,44.15,0.91%
05-Oct-2022 8:51,44.55,44.24,0.71%
06-Oct-2022 8:42,44.55,44.17,0.87%
07-Oct-2022 8:45,44.6,43.81,1.79%
10-Oct-2022 8:34,44.6,44.36,0.55%
11-Oct-2022 8:33,44.65,42.26,5.66%
11-Oct-2022 10:40,44.25,42.26,4.72%
11-Oct-2022 10:55,44.25,42.26,4.72%
12-Oct-2022 8:40,44.25,42.26,4.72%
13-Oct-2022 8:40,44.35,42.37,4.69%
14-Oct-2022 8:38,44.45,42.60,4.33%
17-Oct-2022 8:46,44.45,43.08,3.17%
18-Oct-2022 8:55,44.45,43.73,1.65%
18-Oct-2022 13:22,45.15,43.73,3.25%
19-Oct-2022 8:50,44.45,43.01,3.34%
20-Oct-2022 8:46,44.45,43.91,1.22%
20-Oct-2022 10:27,45.9,43.91,4.52%
21-Oct-2022 8:49,44.45,42.73,4.03%
21-Oct-2022 12:05,44.25,42.73,3.56%
25-Oct-2022 8:48,44.25,43.65,1.38%
26-Oct-2022 9:00,44.25,42.31,4.58%
26-Oct-2022 12:42,44.25,42.31,4.58%
27-Oct-2022 8:52,44.25,42.29,4.62%
28-Oct-2022 8:50,44.25,42.94,3.06%
31-Oct-2022 8:46,44.25,42.43,4.29%
01-Nov-2022 8:42,44.25,42.79,3.42%
03-Nov-2022 8:44,44.35,43.07,2.98%
04-Nov-2022 8:34,44.4,43.09,3.04%
07-Nov-2022 8:36,44.4,43.80,1.37%
08-Nov-2022 8:38,44.4,43.32,2.50%
09-Nov-2022 8:49,44.4,42.31,4.95%
09-Nov-2022 11:32,44.25,42.31,4.60%
10-Nov-2022 8:40,44.25,42.80,3.39%
11-Nov-2022 8:49,44.25,42.28,4.66%
14-Nov-2022 8:46,44.25,42.45,4.24%
15-Nov-2022 8:39,44.25,42.35,4.49%
16-Nov-2022 8:38,44.25,42.26,4.71%
16-Nov-2022 10:29,44.15,42.26,4.47%
17-Nov-2022 8:45,44.15,42.70,3.40%
18-Nov-2022 8:36,44.15,42.19,4.65%
21-Nov-2022 12:34,44.15,42.33,4.29%
22-Nov-2022 8:34,44.15,42.35,4.26%
23-Nov-2022 8:46,44.15,42.20,4.62%
23-Nov-2022 11:53,44.1,42.20,4.50%
24-Nov-2022 8:35,44.1,42.64,3.42%
25-Nov-2022 8:46,44.1,42.21,4.47%
28-Nov-2022 8:40,44.1,42.55,3.64%
29-Nov-2022 8:35,44.1,42.80,3.05%
30-Nov-2022 8:35,44.1,43.35,1.73%
01-Dec-2022 8:39,44.1,42.66,3.38%
02-Dec-2022 8:53,44.1,42.23,4.44%
05-Dec-2022 8:48,44.1,42.22,4.46%
06-Dec-2022 8:36,44.1,42.22,4.46%
07-Dec-2022 8:33,44.1,42.22,4.46%
08-Dec-2022 8:47,44.1,42.58,3.58%
09-Dec-2022 8:31,44.1,42.20,4.51%
12-Dec-2022 8:46,44.1,42.65,3.40%
13-Dec-2022 8:32,44.1,42.54,3.67%
14-Dec-2022 8:55,44.1,42.54,3.68%
15-Dec-2022 8:44,44.1,42.43,3.93%
16-Dec-2022 8:43,44.1,42.79,3.05%
19-Dec-2022 8:50,44.1,42.48,3.80%
20-Dec-2022 8:47,44.1,42.59,3.55%
21-Dec-2022 8:54,44.1,42.23,4.42%
22-Dec-2022 8:50,44.1,42.24,4.40%
23-Dec-2022 8:46,44.1,42.78,3.09%
26-Dec-2022 9:00,44.1,43.25,1.97%
27-Dec-2022 8:42,44.1,42.64,3.42%
28-Dec-2022 8:42,44.1,42.24,4.41%
29-Dec-2022 8:34,44.1,42.63,3.44%
30-Dec-2022 8:47,44.1,42.95,2.68%
04-Jan-2023 8:51,44.1,42.28,4.30%
05-Jan-2023 8:39,44.1,42.27,4.32%
06-Jan-2023 8:46,44.1,42.34,4.15%
09-Jan-2023 8:39,44.1,42.30,4.25%
10-Jan-2023 8:36,44.1,42.71,3.25%
11-Jan-2023 8:37,44.1,42.90,2.79%
12-Jan-2023 8:55,44.1,43.55,1.26%
13-Jan-2023 8:49,44.1,42.63,3.45%
16-Jan-2023 8:40,44.1,42.69,3.30%
17-Jan-2023 8:56,44.15,42.91,2.89%
18-Jan-2023 8:53,44.15,43.07,2.52%
19-Jan-2023 8:49,44.2,43.35,1.96%
20-Jan-2023 8:50,44.2,42.89,3.05%
23-Jan-2023 8:36,44.2,43.35,1.96%
23-Jan-2023 11:17,44.8,43.35,3.34%
24-Jan-2023 8:46,44.3,43.30,2.31%
25-Jan-2023 8:44,44.4,43.76,1.46%
26-Jan-2023 8:52,44.5,43.77,1.67%
30-Jan-2023 8:50,44.6,43.07,3.56%
31-Jan-2023 8:38,44.8,42.82,4.63%
02-Feb-2023 8:42,45,43.12,4.36%
03-Feb-2023 8:36,45,44.40,1.35%
06-Feb-2023 8:41,45,44.35,1.47%
07-Feb-2023 8:46,45,44.16,1.91%
08-Feb-2023 8:46,45,43.95,2.39%
09-Feb-2023 8:37,45,43.95,2.38%
09-Feb-2023 11:22,45.55,43.95,3.63%
10-Feb-2023 8:37,45.2,44.44,1.71%
13-Feb-2023 8:38,45.4,44.85,1.23%
14-Feb-2023 8:52,45.45,44.46,2.23%
15-Feb-2023 8:42,45.5,44.34,2.60%
16-Feb-2023 9:02,46,45.14,1.91%
17-Feb-2023 8:50,46,44.65,3.02%
21-Feb-2023 8:53,46,45.24,1.67%
22-Feb-2023 8:51,46,44.55,3.25%
23-Feb-2023 8:54,46.25,45.14,2.46%
24-Feb-2023 8:42,46.4,45.28,2.47%
27-Feb-2023 8:43,46.6,44.84,3.92%
28-Feb-2023 8:40,46.8,45.35,3.20%
01-Mar-2023 8:43,46.8,45.10,3.77%
02-Mar-2023 8:39,46.8,45.36,3.17%
03-Mar-2023 8:57,46.8,45.28,3.36%
06-Mar-2023 8:43,46.8,44.95,4.12%
07-Mar-2023 8:44,46.8,45.34,3.22%
07-Mar-2023 10:07,47.25,45.34,4.21%
08-Mar-2023 8:58,46.9,45.63,2.79%
09-Mar-2023 8:48,46.95,45.44,3.33%
10-Mar-2023 8:50,47,46.06,2.04%
13-Mar-2023 8:45,47,46.15,1.84%
14-Mar-2023 8:32,47,46.14,1.86%
15-Mar-2023 8:45,47,45.43,3.45%
16-Mar-2023 8:43,47.1,46.15,2.06%
16-Mar-2023 11:01,47.6,46.15,3.14%
17-Mar-2023 8:50,47.2,45.42,3.92%
17-Mar-2023 9:41,47.2,45.42,3.92%
17-Mar-2023 12:00,46.95,45.42,3.37%
20-Mar-2023 8:43,46.95,45.65,2.85%
21-Mar-2023 8:45,46.95,45.11,4.08%
23-Mar-2023 8:40,46.95,45.56,3.05%
23-Mar-2023 10:56,46.85,45.56,2.83%
24-Mar-2023 8:48,46.95,45.01,4.31%
24-Mar-2023 11:00,46.45,45.01,3.20%
24-Mar-2023 15:57,46.45,45.01,3.20%
27-Mar-2023 8:43,46.45,45.00,3.22%
28-Mar-2023 8:42,46.45,44.77,3.75%
29-Mar-2023 8:44,46.45,45.00,3.22%
29-Mar-2023 8:57,46.45,45.00,3.22%
30-Mar-2023 8:41,46.45,44.95,3.34%
31-Mar-2023 8:55,46.35,44.45,4.27%
31-Mar-2023 11:36,45.95,44.45,3.37%
03-Apr-2023 8:42,45.95,44.50,3.26%
04-Apr-2023 8:48,45.9,44.03,4.25%
05-Apr-2023 8:38,45.85,44.03,4.14%
06-Apr-2023 8:53,45.9,44.34,3.52%
07-Apr-2023 8:45,45.9,44.28,3.66%
07-Apr-2023 11:27,45.7,44.28,3.21%
10-Apr-2023 8:40,45.7,44.70,2.24%
11-Apr-2023 8:35,45.7,43.87,4.16%
12-Apr-2023 8:41,45.7,44.21,3.37%
13-Apr-2023 8:39,45.65,44.10,3.51%
13-Apr-2023 12:16,45.55,44.10,3.29%
14-Apr-2023 8:42,45.45,43.73,3.93%
17-Apr-2023 8:32,45.45,44.05,3.18%
18-Apr-2023 8:35,45.45,44.04,3.20%
19-Apr-2023 8:44,45.45,44.05,3.18%
20-Apr-2023 8:46,45.45,44.00,3.30%
21-Apr-2023 8:51,45.45,44.00,3.30%
24-Apr-2023 8:35,45.45,44.15,2.94%
25-Apr-2023 8:42,45.35,43.90,3.30%
26-Apr-2023 8:43,45.4,44.15,2.83%
27-Apr-2023 8:48,45.35,43.49,4.27%
28-Apr-2023 8:40,45.4,43.94,3.32%
02-May-2023 9:23,45.45,43.95,3.41%
03-May-2023 8:44,45.4,44.35,2.37%
04-May-2023 8:46,45.35,44.50,1.91%
04-May-2023 10:46,45.7,44.50,2.70%
05-May-2023 8:40,45.7,44.25,3.28%
08-May-2023 8:41,45.7,44.35,3.04%
09-May-2023 8:34,45.75,44.30,3.27%
10-May-2023 8:44,45.75,44.25,3.39%
11-May-2023 8:36,45.75,43.92,4.16%
12-May-2023 8:40,45.8,44.34,3.29%
15-May-2023 8:54,45.85,44.31,3.46%
16-May-2023 8:47,45.85,44.40,3.27%
17-May-2023 8:41,45.85,44.39,3.29%
18-May-2023 8:38,45.9,44.49,3.17%
19-May-2023 8:43,45.95,44.23,3.89%
22-May-2023 8:38,45.9,44.11,4.06%
23-May-2023 8:39,45.9,44.50,3.15%
24-May-2023 8:43,45.9,44.50,3.15%
25-May-2023 8:47,45.95,44.10,4.19%
26-May-2023 9:23,45.95,44.54,3.17%
29-May-2023 8:55,45.95,44.14,4.09%
30-May-2023 8:47,45.95,44.19,3.99%
31-May-2023 8:43,45.95,44.30,3.73%
01-Jun-2023 8:49,46,45.04,2.13%
02-Jun-2023 8:39,45.95,44.02,4.38%
05-Jun-2023 8:49,46,44.20,4.07%
06-Jun-2023 8:50,46,45.10,2.00%
07-Jun-2023 8:49,46,45.11,1.97%
08-Jun-2023 8:35,46.05,44.55,3.37%
09-Jun-2023 8:39,46,43.89,4.81%
12-Jun-2023 8:39,46.05,44.50,3.48%
13-Jun-2023 8:48,46.1,45.10,2.22%
13-Jun-2023 9:55,46.05,45.10,2.11%
13-Jun-2023 14:26,46.05,45.10,2.11%
14-Jun-2023 8:42,46.05,44.60,3.25%
15-Jun-2023 8:38,46,44.55,3.25%
16-Jun-2023 8:39,45.9,43.90,4.55%
19-Jun-2023 8:48,45.9,44.54,3.05%
20-Jun-2023 8:43,45.9,44.53,3.08%
21-Jun-2023 8:42,45.9,44.50,3.15%
21-Jun-2023 10:17,45.95,44.50,3.26%
22-Jun-2023 8:50,45.85,44.95,2.00%
23-Jun-2023 8:54,45.9,44.39,3.41%
26-Jun-2023 8:57,45.95,44.45,3.37%
27-Jun-2023 8:48,45.95,44.45,3.37%
28-Jun-2023 8:47,45.95,44.68,2.84%
29-Jun-2023 8:47,46,44.55,3.25%
30-Jun-2023 8:48,46,44.13,4.25%
03-Jul-2023 8:45,46,44.50,3.37%
04-Jul-2023 9:00,46,44.50,3.37%
05-Jul-2023 8:53,46.05,44.53,3.41%
06-Jul-2023 8:48,46.1,44.32,4.02%
07-Jul-2023 8:47,46.1,44.06,4.62%
10-Jul-2023 9:00,46,44.50,3.37%
11-Jul-2023 8:43,45.95,44.14,4.10%
12-Jul-2023 8:46,45.95,44.00,4.42%
13-Jul-2023 8:37,45.85,44.06,4.06%
14-Jul-2023 8:42,45.75,43.89,4.24%
17-Jul-2023 8:47,45.75,44.25,3.39%
18-Jul-2023 8:43,45.75,44.25,3.39%
19-Jul-2023 8:36,45.75,44.66,2.44%
20-Jul-2023 8:37,45.75,44.24,3.41%
21-Jul-2023 8:50,45.85,44.88,2.16%
24-Jul-2023 8:59,45.9,45.00,2.00%
25-Jul-2023 8:31,46,44.59,3.16%
26-Jul-2023 8:58,46.15,45.05,2.44%
27-Jul-2023 8:59,46.25,44.28,4.44%
27-Jul-2023 10:11,46.15,44.28,4.22%
28-Jul-2023 9:07,46.25,44.80,3.24%
31-Jul-2023 9:04,46.2,45.30,1.99%
01-Aug-2023 9:10,46.2,44.20,4.52%
01-Aug-2023 11:33,45.65,44.20,3.28%
02-Aug-2023 9:04,45.65,44.20,3.28%
03-Aug-2023 9:02,45.65,44.27,3.12%
03-Aug-2023 9:47,45.7,44.27,3.23%
04-Aug-2023 9:15,45.67,44.20,3.33%
07-Aug-2023 9:12,45.6,43.79,4.14%
08-Aug-2023 9:07,45.6,44.80,1.79%
09-Aug-2023 9:09,45.62,44.80,1.83%
10-Aug-2023 9:03,45.62,43.84,4.07%
11-Aug-2023 9:05,45.62,44.20,3.21%
14-Aug-2023 9:08,45.67,44.30,3.09%
15-Aug-2023 9:05,45.72,44.34,3.11%
16-Aug-2023 9:03,45.77,44.42,3.04%
17-Aug-2023 9:12,45.85,44.90,2.12%
18-Aug-2023 9:08,45.9,44.40,3.38%
18-Aug-2023 10:25,45.85,44.40,3.27%
21-Aug-2023 9:02,45.85,44.31,3.48%
22-Aug-2023 9:17,45.8,43.93,4.26%
23-Aug-2023 9:03,45.85,44.40,3.27%
24-Aug-2023 9:19,45.85,44.77,2.41%
25-Aug-2023 9:08,46,45.06,2.09%
28-Aug-2023 9:11,45.99,44.66,2.98%
29-Aug-2023 9:08,45.97,44.54,3.21%
30-Aug-2023 9:01,45.93,44.46,3.31%
31-Aug-2023 10:27,45.86,44.27,3.59%
01-Sep-2023 9:04,45.94,44.42,3.42%
04-Sep-2023 9:39,46.01,45.62,0.85%
05-Sep-2023 9:16,46.1,44.25,4.18%
06-Sep-2023 9:04,46.2,43.75,5.60%
06-Sep-2023 10:57,45.6,43.75,4.23%
07-Sep-2023 9:07,45.6,43.75,4.24%
08-Sep-2023 9:02,45.6,43.75,4.23%
11-Sep-2023 9:09,45.6,44.14,3.31%
12-Sep-2023 9:10,45.6,43.73,4.27%
13-Sep-2023 9:06,45.6,43.41,5.05%
13-Sep-2023 10:59,45.25,43.41,4.25%
14-Sep-2023 9:05,45.25,43.39,4.29%
15-Sep-2023 9:08,45.33,43.49,4.22%
18-Sep-2023 9:03,45.31,43.45,4.28%
19-Sep-2023 9:11,45.29,43.46,4.21%
21-Sep-2023 9:09,45.34,43.24,4.86%
21-Sep-2023 10:46,45.1,43.24,4.30%
22-Sep-2023 9:11,45.1,43.24,4.30%
25-Sep-2023 9:47,45.1,43.24,4.31%
26-Sep-2023 9:06,45.15,43.29,4.31%
27-Sep-2023 9:09,45.18,43.06,4.92%
27-Sep-2023 10:56,44.95,43.06,4.38%
28-Sep-2023 9:06,44.95,43.13,4.22%
29-Sep-2023 9:09,44.9,43.05,4.29%
02-Oct-2023 9:02,44.9,43.04,4.33%
03-Oct-2023 9:10,45,43.12,4.36%
04-Oct-2023 9:12,45,42.82,5.09%
04-Oct-2023 10:38,44.7,42.82,4.39%
05-Oct-2023 9:04,44.7,42.78,4.50%
06-Oct-2023 9:09,44.65,42.95,3.96%
09-Oct-2023 9:04,44.65,42.79,4.35%
10-Oct-2023 9:08,44.65,42.79,4.36%
11-Oct-2023 9:09,44.6,42.84,4.10%
11-Oct-2023 10:49,44.7,42.84,4.34%
12-Oct-2023 9:11,44.7,42.79,4.47%
13-Oct-2023 9:06,44.8,42.90,4.44%
16-Oct-2023 8:49,44.8,42.98,4.24%
17-Oct-2023 8:54,44.8,42.92,4.38%
18-Oct-2023 9:09,44.75,42.88,4.37%
19-Oct-2023 9:11,44.8,42.93,4.35%
20-Oct-2023 9:15,44.8,42.88,4.48%
23-Oct-2023 9:18,44.8,42.96,4.28%
24-Oct-2023 9:15,44.75,43.81,2.15%
25-Oct-2023 9:06,44.8,42.98,4.24%
26-Oct-2023 9:13,44.85,42.93,4.48%
27-Oct-2023 9:05,44.85,42.98,4.36%
30-Oct-2023 9:12,44.85,43.50,3.10%
31-Oct-2023 9:19,44.85,42.83,4.72%
31-Oct-2023 10:38,44.7,42.83,4.37%
03-Nov-2023 9:00,44.7,43.00,3.95%
06-Nov-2023 9:07,44.65,43.10,3.60%
07-Nov-2023 9:06,44.65,42.75,4.44%
08-Nov-2023 9:04,44.66,42.80,4.34%
08-Nov-2023 11:26,44.65,42.80,4.31%
09-Nov-2023 9:05,44.65,42.80,4.33%
10-Nov-2023 9:08,44.66,42.81,4.31%
13-Nov-2023 9:05,44.66,42.81,4.32%
14-Nov-2023 9:06,44.65,42.82,4.28%
15-Nov-2023 9:00,44.5,43.75,1.71%
15-Nov-2023 10:58,44.6,43.75,1.94%
16-Nov-2023 9:08,44.6,43.95,1.48%
17-Nov-2023 9:23,44.6,43.16,3.34%
20-Nov-2023 9:03,44.59,42.73,4.37%
21-Nov-2023 9:07,44.58,42.77,4.24%
22-Nov-2023 9:08,44.59,43.15,3.34%
22-Nov-2023 11:15,44.6,43.15,3.36%
23-Nov-2023 9:29,44.6,43.15,3.36%
24-Nov-2023 9:08,44.6,43.25,3.12%
27-Nov-2023 9:08,44.59,43.14,3.36%
28-Nov-2023 9:02,44.59,43.13,3.39%
29-Nov-2023 9:27,44.55,42.73,4.25%
30-Nov-2023 9:08,44.55,42.73,4.27%
01-Dec-2023 9:27,44.6,43.39,2.79%
04-Dec-2023 9:05,44.62,43.23,3.22%
05-Dec-2023 9:11,44.72,42.87,4.32%
06-Dec-2023 9:20,44.76,42.71,4.80%
06-Dec-2023 11:11,44.55,42.71,4.31%
07-Dec-2023 9:06,44.55,42.74,4.24%
08-Dec-2023 9:01,44.53,42.71,4.25%
11-Dec-2023 9:06,44.53,43.10,3.32%
12-Dec-2023 9:15,44.53,43.20,3.08%
13-Dec-2023 9:08,44.53,43.65,2.02%
14-Dec-2023 9:12,44.43,42.99,3.35%
15-Dec-2023 9:03,44.35,43.03,3.07%
18-Dec-2023 9:09,44.45,43.60,1.95%
19-Dec-2023 9:14,44.45,43.16,2.99%
20-Dec-2023 9:24,44.45,42.95,3.49%
21-Dec-2023 9:07,44.48,42.98,3.49%
22-Dec-2023 9:09,44.48,43.01,3.42%
26-Dec-2023 9:07,44.48,42.98,3.49%
27-Dec-2023 9:10,44.48,43.65,1.90%
28-Dec-2023 9:12,44.45,42.55,4.47%
29-Dec-2023 9:05,44.5,43.02,3.44%
03-Jan-2024 9:15,44.65,42.74,4.47%
04-Jan-2024 9:16,44.68,43.75,2.13%
05-Jan-2024 9:10,44.68,43.76,2.10%
08-Jan-2024 9:07,44.9,43.58,3.02%
08-Jan-2024 10:01,44.8,43.58,2.79%
09-Jan-2024 9:07,44.85,44.19,1.49%
09-Jan-2024 9:54,44.8,44.19,1.38%
10-Jan-2024 9:10,44.85,43.19,3.84%
11-Jan-2024 9:12,44.85,44.40,1.01%
12-Jan-2024 9:20,44.85,43.19,3.84%
15-Jan-2024 9:10,44.85,44.45,0.90%
17-Jan-2024 9:06,45.05,43.35,3.92%
18-Jan-2024 9:16,45.04,42.96,4.85%
19-Jan-2024 9:38,45.1,42.87,5.19%
19-Jan-2024 10:12,45.1,42.87,5.19%
22-Jan-2024 9:04,45.09,42.96,4.95%
24-Jan-2024 9:03,45.34,43.51,4.21%
26-Jan-2024 9:05,45.55,44.32,2.79%
29-Jan-2024 9:07,45.55,44.88,1.49%
30-Jan-2024 9:09,45.58,43.46,4.87%
31-Jan-2024 9:12,45.63,43.95,3.82%
02-Feb-2024 9:02,45.58,44.71,1.94%
05-Feb-2024 9:14,45.83,44.31,3.43%
06-Feb-2024 9:11,45.88,45.25,1.39%
07-Feb-2024 9:13,45.87,44.43,3.24%
08-Feb-2024 9:04,45.86,44.86,2.23%
09-Feb-2024 9:02,45.86,44.39,3.31%
12-Feb-2024 9:05,45.85,43.97,4.27%
13-Feb-2024 9:08,45.9,45.25,1.44%
14-Feb-2024 9:06,46.15,45.85,0.65%
15-Feb-2024 9:05,46.14,44.67,3.29%
16-Feb-2024 9:06,46.13,45.83,0.65%
19-Feb-2024 9:05,46.12,44.63,3.34%
20-Feb-2024 9:08,46.17,44.80,3.06%
21-Feb-2024 9:04,46.15,44.38,3.99%
23-Feb-2024 9:03,46.15,44.24,4.33%
26-Feb-2024 9:13,46.17,44.32,4.18%
27-Feb-2024 9:10,46.15,44.32,4.12%
28-Feb-2024 9:02,46.2,43.75,5.60%
29-Feb-2024 9:05,46.2,44.74,3.26%
01-Mar-2024 9:02,46.25,44.40,4.16%
04-Mar-2024 9:04,46.23,44.86,3.05%
05-Mar-2024 9:04,46.23,44.81,3.17%
06-Mar-2024 9:09,46.23,44.82,3.15%
07-Mar-2024 9:22,46.21,44.75,3.26%
11-Mar-2024 9:09,46.19,44.40,4.03%
13-Mar-2024 9:08,46.3,44.70,3.58%
14-Mar-2024 9:02,46.28,44.40,4.24%
15-Mar-2024 9:04,46.43,44.61,4.09%
18-Mar-2024 9:06,46.43,44.97,3.25%
19-Mar-2024 9:03,46.5,45.09,3.13%
20-Mar-2024 9:03,46.55,45.10,3.22%
21-Mar-2024 9:03,46.5,45.02,3.29%
22-Mar-2024 9:02,46.7,45.32,3.05%
25-Mar-2024 9:05,46.75,45.35,3.09%
26-Mar-2024 9:02,46.74,45.32,3.13%
27-Mar-2024 9:05,46.77,44.90,4.16%
28-Mar-2024 9:01,46.77,45.38,3.06%
29-Mar-2024 9:00,46.92,45.43,3.28%
01-Apr-2024 9:07,46.92,45.59,2.92%
01-Apr-2024 11:48,46.85,45.59,2.76%
02-Apr-2024 9:09,46.85,45.06,3.98%
03-Apr-2024 8:58,46.84,44.97,4.16%
03-Apr-2024 9:59,46.8,44.97,4.07%
04-Apr-2024 9:05,46.75,44.93,4.05%
04-Apr-2024 9:29,46.55,44.93,3.61%
05-Apr-2024 9:12,46.6,45.33,2.80%
08-Apr-2024 9:07,46.6,45.15,3.21%
10-Apr-2024 9:05,46.55,45.11,3.19%
12-Apr-2024 9:04,46.65,45.00,3.67%
12-Apr-2024 10:26,46.75,45.00,3.89%
15-Apr-2024 9:05,47,46.34,1.43%
16-Apr-2024 9:08,47.15,45.29,4.10%
17-Apr-2024 9:13,47.15,45.55,3.51%
17-Apr-2024 9:58,47.12,45.55,3.45%
18-Apr-2024 8:59,46.92,45.10,4.03%
19-Apr-2024 9:06,47.07,45.53,3.38%
23-Apr-2024 9:00,47,45.14,4.12%
24-Apr-2024 9:06,46.8,45.43,3.02%
25-Apr-2024 9:12,46.8,45.43,3.02%
26-Apr-2024 9:10,46.74,44.91,4.08%
29-Apr-2024 9:24,46.74,44.93,4.04%
30-Apr-2024 9:08,46.82,44.97,4.12%
02-May-2024 9:07,46.82,45.36,3.22%
03-May-2024 9:02,46.74,44.80,4.34%
06-May-2024 9:03,46.64,44.91,3.85%
07-May-2024 9:02,46.64,44.80,4.11%
08-May-2024 9:13,46.74,44.82,4.28%
09-May-2024 8:59,46.74,44.79,4.36%
10-May-2024 9:08,46.64,44.71,4.33%
13-May-2024 9:03,46.64,45.10,3.41%
14-May-2024 9:01,46.63,45.10,3.39%
15-May-2024 9:06,46.62,44.96,3.69%
15-May-2024 9:32,46.57,44.96,3.58%
15-May-2024 10:29,46.53,44.96,3.49%
16-May-2024 9:03,46.33,44.94,3.09%
17-May-2024 9:07,46.46,44.39,4.65%
20-May-2024 9:00,46.39,44.94,3.23%
21-May-2024 9:02,46.49,44.75,3.88%
22-May-2024 9:03,46.49,45.16,2.95%
23-May-2024 9:02,46.61,45.10,3.35%
24-May-2024 9:11,46.73,45.05,3.73%
27-May-2024 9:12,46.58,45.11,3.26%
28-May-2024 9:10,46.5,44.63,4.18%
29-May-2024 9:12,46.58,44.67,4.27%
30-May-2024 9:04,46.75,45.24,3.34%
31-May-2024 9:05,46.67,45.02,3.67%
03-Jun-2024 9:03,46.59,44.91,3.75%
04-Jun-2024 9:07,46.44,44.75,3.78%
05-Jun-2024 9:22,46.52,44.95,3.48%
06-Jun-2024 9:10,46.47,44.80,3.73%
07-Jun-2024 9:06,46.47,44.85,3.61%
10-Jun-2024 9:23,47.02,45.21,4.01%
11-Jun-2024 9:06,46.97,45.12,4.10%
12-Jun-2024 9:02,47.05,45.60,3.18%
13-Jun-2024 9:04,46.85,45.65,2.63%
14-Jun-2024 9:06,47.15,45.75,3.06%
17-Jun-2024 9:04,47.3,45.71,3.47%
18-Jun-2024 9:03,47.25,45.66,3.48%
19-Jun-2024 9:02,47.24,45.64,3.51%
20-Jun-2024 9:01,47.24,45.25,4.40%
21-Jun-2024 9:00,47.39,45.84,3.38%
24-Jun-2024 9:07,47.64,45.75,4.13%
25-Jun-2024 9:05,47.55,#N/A,#N/A
26-Jun-2024 9:01,47.7,45.78,4.19%
27-Jun-2024 8:58,47.9,45.65,4.93%
27-Jun-2024 9:42,47.84,45.65,4.80%
28-Jun-2024 9:14,47.89,46.20,3.66%
01-Jul-2024 8:59,47.8,45.48,5.10%
01-Jul-2024 9:59,47.7,45.48,4.88%
02-Jul-2024 9:04,47.77,45.58,4.80%
03-Jul-2024 9:25,47.73,45.83,4.15%
04-Jul-2024 9:07,47.63,45.95,3.66%
05-Jul-2024 9:17,47.53,45.60,4.23%
05-Jul-2024 11:09,47.53,45.60,4.23%
08-Jul-2024 9:02,47.52,45.51,4.42%
08-Jul-2024 13:03,47.21,45.51,3.74%
09-Jul-2024 9:02,47.21,45.51,3.74%
10-Jul-2024 9:11,47.21,45.76,3.17%
11-Jul-2024 8:59,47.16,45.51,3.63%
12-Jul-2024 9:06,47.08,45.68,3.06%
15-Jul-2024 9:02,47.03,45.35,3.70%
15-Jul-2024 11:20,47.05,45.35,3.75%
16-Jul-2024 9:02,47.05,45.35,3.75%
17-Jul-2024 9:04,47.03,45.32,3.77%
18-Jul-2024 9:00,46.95,45.25,3.76%
19-Jul-2024 9:04,47.05,45.67,3.02%
22-Jul-2024 9:02,47.05,45.35,3.75%
22-Jul-2024 11:45,47.05,45.35,3.75%
23-Jul-2024 9:01,47.05,45.32,3.82%
24-Jul-2024 9:06,47.2,45.48,3.78%
25-Jul-2024 8:59,47.23,45.55,3.69%
26-Jul-2024 9:03,47.2,45.57,3.58%
29-Jul-2024 9:02,47.2,45.30,4.19%
29-Jul-2024 10:47,47,45.30,3.75%
30-Jul-2024 9:02,47,45.40,3.52%
30-Jul-2024 9:57,47.1,45.40,3.74%
31-Jul-2024 9:01,47.1,45.40,3.74%
01-Aug-2024 9:17,47.1,45.39,3.77%
02-Aug-2024 10:26,47.2,45.50,3.74%
05-Aug-2024 8:59,46.9,45.15,3.88%
05-Aug-2024 11:03,46.85,45.15,3.77%
06-Aug-2024 9:06,46.7,45.00,3.78%
07-Aug-2024 8:58,46.8,45.20,3.54%
08-Aug-2024 9:05,46.75,45.30,3.20%
09-Aug-2024 8:58,46.75,45.45,2.86%
12-Aug-2024 9:02,46.78,45.15,3.61%
12-Aug-2024 10:08,46.85,45.15,3.77%
13-Aug-2024 9:01,46.8,45.10,3.77%
14-Aug-2024 9:06,46.64,44.95,3.76%
16-Aug-2024 9:01,46.68,44.98,3.78%
19-Aug-2024 9:02,46.56,45.02,3.42%
19-Aug-2024 10:52,46.72,45.02,3.78%
20-Aug-2024 9:03,46.62,44.92,3.78%
21-Aug-2024 9:02,46.47,44.85,3.61%
22-Aug-2024 8:58,46.42,44.80,3.62%
23-Aug-2024 9:00,46.45,45.17,2.83%
26-Aug-2024 9:03,46.3,44.86,3.21%
26-Aug-2024 10:29,46.56,44.86,3.79%
27-Aug-2024 8:59,46.59,44.90,3.76%
28-Aug-2024 9:02,46.59,44.92,3.72%
29-Aug-2024 9:04,46.77,45.20,3.47%
30-Aug-2024 9:00,46.97,45.45,3.34%
02-Sep-2024 9:10,47.05,45.23,4.02%
03-Sep-2024 9:14,47,45.38,3.57%
04-Sep-2024 9:04,47.07,44.86,4.93%
04-Sep-2024 11:20,46.56,44.86,3.79%
05-Sep-2024 9:03,46.48,44.81,3.73%
06-Sep-2024 9:03,46.43,44.96,3.27%
06-Sep-2024 9:56,46.38,44.96,3.16%
09-Sep-2024 9:01,46.48,44.82,3.70%
10-Sep-2024 9:01,46.6,44.80,4.02%
10-Sep-2024 11:06,46.5,44.80,3.79%
11-Sep-2024 9:01,46.5,44.80,3.79%
12-Sep-2024 8:59,46.6,45.15,3.21%
13-Sep-2024 9:00,46.4,44.95,3.23%
16-Sep-2024 9:06,46.38,44.70,3.76%
17-Sep-2024 9:04,46.35,44.55,4.04%
18-Sep-2024 9:21,46.35,44.60,3.92%
19-Sep-2024 9:03,46.38,44.62,3.94%
20-Sep-2024 9:09,46.28,44.88,3.12%
23-Sep-2024 9:03,46.29,44.47,4.09%
24-Sep-2024 9:04,46.43,44.62,4.06%
25-Sep-2024 9:07,46.18,44.39,4.03%
26-Sep-2024 8:57,46.36,44.54,4.09%
27-Sep-2024 8:57,46.29,44.95,2.98%
27-Sep-2024 12:37,46.4,44.95,3.23%
30-Sep-2024 8:58,46.32,44.65,3.74%
01-Oct-2024 9:26,46.4,44.77,3.64%
02-Oct-2024 9:12,46.65,45.00,3.67%
03-Oct-2024 9:02,46.77,45.12,3.66%
04-Oct-2024 9:14,46.8,45.24,3.45%
07-Oct-2024 9:13,46.95,45.33,3.57%
08-Oct-2024 9:32,46.92,44.95,4.38%
08-Oct-2024 10:44,46.4,44.95,3.23%
09-Oct-2024 9:02,46.45,44.77,3.75%
10-Oct-2024 9:03,46.55,44.86,3.77%
11-Oct-2024 8:59,46.59,45.10,3.30%
14-Oct-2024 9:07,46.65,44.97,3.74%
15-Oct-2024 9:06,46.72,45.07,3.66%
16-Oct-2024 9:04,46.72,45.04,3.73%
17-Oct-2024 9:37,46.84,45.14,3.77%
18-Oct-2024 8:57,46.89,45.44,3.19%
21-Oct-2024 9:01,46.84,44.65,4.90%
21-Oct-2024 10:59,46.5,44.65,4.14%
21-Oct-2024 11:24,46.35,44.65,3.81%
22-Oct-2024 9:14,46.47,45.07,3.11%
23-Oct-2024 9:02,46.57,44.87,3.79%
24-Oct-2024 9:01,46.59,44.94,3.67%
25-Oct-2024 9:00,46.47,45.11,3.01%
28-Oct-2024 8:58,46.57,44.98,3.53%
29-Oct-2024 8:59,46.47,44.97,3.34%
30-Oct-2024 8:53,46.46,44.86,3.57%
01-Nov-2024 8:58,46.31,44.86,3.23%
04-Nov-2024 9:05,46.29,44.58,3.84%
05-Nov-2024 9:08,46.37,44.78,3.55%
06-Nov-2024 9:05,46.77,45.27,3.31%
07-Nov-2024 9:03,46.82,45.20,3.58%
08-Nov-2024 9:30,46.67,45.40,2.80%
11-Nov-2024 9:25,46.92,45.51,3.10%
12-Nov-2024 9:23,47.17,45.86,2.86%
13-Nov-2024 9:12,47.25,45.89,2.96%
14-Nov-2024 9:14,47.55,46.19,2.94%
15-Nov-2024 9:03,47.55,46.21,2.90%
18-Nov-2024 9:02,47.55,45.25,5.08%
18-Nov-2024 11:27,46.95,45.25,3.76%
19-Nov-2024 8:57,46.73,45.03,3.78%
20-Nov-2024 9:00,46.73,45.05,3.73%
21-Nov-2024 9:00,46.88,45.15,3.83%
22-Nov-2024 9:05,47.18,45.85,2.90%
25-Nov-2024 9:05,47.18,45.47,3.76%
26-Nov-2024 9:10,47.18,45.83,2.95%
27-Nov-2024 9:02,47.18,45.47,3.76%
28-Nov-2024 9:03,46.88,45.25,3.60%
29-Nov-2024 9:03,46.78,45.45,2.93%
02-Dec-2024 8:59,46.99,45.35,3.62%
03-Dec-2024 9:04,47.2,45.50,3.74%
04-Dec-2024 9:05,47.15,45.42,3.81%
05-Dec-2024 9:02,47.05,45.38,3.68%
06-Dec-2024 9:00,46.95,45.60,2.96%
09-Dec-2024 9:04,47.1,45.35,3.86%
10-Dec-2024 9:03,47.02,45.28,3.84%
11-Dec-2024 9:04,47.21,45.40,3.99%
12-Dec-2024 9:04,47.41,45.71,3.72%
13-Dec-2024 9:03,47.62,46.05,3.41%
16-Dec-2024 9:02,47.44,45.50,4.26%
16-Dec-2024 11:17,46.95,45.50,3.19%
17-Dec-2024 9:27,46.95,45.25,3.76%
18-Dec-2024 9:01,47.05,45.33,3.79%
18-Dec-2024 9:39,47.03,45.33,3.75%
19-Dec-2024 9:01,47.59,45.80,3.91%
19-Dec-2024 10:51,47.59,45.80,3.91%
20-Dec-2024 8:59,47.65,46.20,3.14%
23-Dec-2024 9:05,47.31,45.60,3.75%
24-Dec-2024 9:05,47.52,46.07,3.15%
26-Dec-2024 9:06,47.51,45.82,3.69%
27-Dec-2024 8:57,47.47,45.95,3.31%
30-Dec-2024 9:12,47.44,45.74,3.72%
31-Dec-2024 9:02,47.53,45.95,3.44%
03-Jan-2025 9:29,48.15,46.55,3.44%
06-Jan-2025 9:01,47.96,45.50,5.41%
06-Jan-2025 11:05,47.2,45.50,3.74%
07-Jan-2025 9:02,46.9,45.20,3.76%
08-Jan-2025 9:01,47.09,45.35,3.84%
09-Jan-2025 9:04,47.31,45.77,3.36%
10-Jan-2025 9:19,47.37,45.83,3.36%
13-Jan-2025 8:56,47.77,45.85,4.19%
14-Jan-2025 8:55,47.68,45.79,4.13%
14-Jan-2025 9:37,47.59,45.79,3.93%
15-Jan-2025 9:00,47.35,45.63,3.77%
16-Jan-2025 8:59,47.43,45.72,3.74%
17-Jan-2025 9:00,47.43,45.86,3.42%
17-Jan-2025 9:30,47.4,45.86,3.36%
20-Jan-2025 9:06,47.36,45.58,3.91%
21-Jan-2025 8:59,46.96,45.28,3.71%
21-Jan-2025 9:41,47.01,45.28,3.82%
22-Jan-2025 8:59,46.92,45.20,3.81%
23-Jan-2025 9:04,46.95,45.21,3.85%
24-Jan-2025 9:08,46.8,45.35,3.20%
27-Jan-2025 8:59,46.75,45.05,3.77%
28-Jan-2025 9:06,46.88,45.13,3.88%
30-Jan-2025 9:01,46.92,45.14,3.94%
31-Jan-2025 9:00,47.1,45.65,3.18%
03-Feb-2025 9:00,47.85,46.05,3.91%
04-Feb-2025 9:00,47.45,45.75,3.72%
05-Feb-2025 8:59,47.18,45.45,3.81%
06-Feb-2025 9:00,47.13,45.42,3.76%
07-Feb-2025 8:56,47.19,45.70,3.26%
10-Feb-2025 9:10,47.5,45.75,3.83%
12-Feb-2025 8:54,47.29,45.55,3.82%
12-Feb-2025 9:25,47.29,45.55,3.82%
13-Feb-2025 8:56,46.99,45.27,3.80%
14-Feb-2025 8:59,46.88,45.22,3.67%
17-Feb-2025 8:52,46.77,45.03,3.86%
17-Feb-2025 8:55,46.77,45.03,3.86%
18-Feb-2025 9:20,46.94,45.16,3.94%
19-Feb-2025 9:02,47,45.48,3.34%
19-Feb-2025 11:13,47,45.48,3.34%
20-Feb-2025 8:58,47.09,45.28,4.00%
21-Feb-2025 8:55,46.74,45.28,3.22%
24-Feb-2025 8:56,46.72,45.00,3.82%
25-Feb-2025 8:51,46.92,45.18,3.85%
28-Feb-2025 8:58,47.33,45.80,3.34%
03-Mar-2025 8:51,47.21,45.45,3.87%
04-Mar-2025 9:02,47,45.48,3.34%
05-Mar-2025 8:52,46.42,44.75,3.73%
06-Mar-2025 8:56,45.72,44.00,3.91%
07-Mar-2025 8:57,45.7,44.59,2.49%
10-Mar-2025 8:56,45.65,43.90,3.99%
10-Mar-2025 12:03,45.65,43.90,3.99%
11-Mar-2025 8:55,45.6,43.83,4.04%
13-Mar-2025 8:59,45.52,44.00,3.45%
13-Mar-2025 9:45,45.5,44.00,3.41%
14-Mar-2025 8:51,45.7,44.15,3.51%
17-Mar-2025 8:55,45.54,43.80,3.97%
18-Mar-2025 8:50,45.46,43.65,4.15%
19-Mar-2025 8:54,45.41,43.60,4.15%
20-Mar-2025 9:00,45.57,43.75,4.16%
21-Mar-2025 9:03,45.94,44.30,3.70%
21-Mar-2025 9:41,45.9,44.30,3.61%
24-Mar-2025 8:53,45.97,44.35,3.65%
24-Mar-2025 9:03,45.97,44.35,3.65%
24-Mar-2025 10:36,46.05,44.35,3.83%
25-Mar-2025 8:57,46.13,44.46,3.76%
26-Mar-2025 9:00,46.26,44.53,3.89%
27-Mar-2025 9:02,46.28,44.54,3.91%
28-Mar-2025 9:01,46.3,44.53,3.97%
28-Mar-2025 9:37,46.26,44.53,3.89%
31-Mar-2025 8:59,46.08,44.38,3.83%
02-Apr-2025 8:58,46.27,44.50,3.98%
03-Apr-2025 8:58,45.8,44.12,3.81%
04-Apr-2025 8:59,45.12,43.67,3.32%
07-Apr-2025 8:56,45.62,43.90,3.92%
07-Apr-2025 8:58,45.62,43.90,3.92%
08-Apr-2025 8:59,45.64,43.85,4.08%
09-Apr-2025 9:00,45.34,43.90,3.28%
10-Apr-2025 8:56,45.69,43.85,4.20%
10-Apr-2025 10:30,45.69,43.85,4.20%
11-Apr-2025 9:02,44.34,43.50,1.93%
14-Apr-2025 9:22,44.16,44.00,0.36%
14-Apr-2025 10:46,45.45,44.00,3.30%
15-Apr-2025 9:09,45.51,43.85,3.79%
15-Apr-2025 9:37,45.55,43.85,3.88%
16-Apr-2025 8:57,45.65,43.88,4.03%
17-Apr-2025 9:05,45.5,43.84,3.79%
18-Apr-2025 8:59,45.53,#N/A,#N/A
18-Apr-2025 9:42,45.5,#N/A,#N/A
21-Apr-2025 9:08,45.01,#N/A,#N/A
22-Apr-2025 9:01,44.94,43.26,3.88%
23-Apr-2025 9:04,45.6,43.98,3.68%
23-Apr-2025 9:29,45.57,43.98,3.62%
24-Apr-2025 8:59,45.72,44.18,3.49%
25-Apr-2025 9:06,45.75,44.33,3.20%
28-Apr-2025 9:00,45.68,44.00,3.82%
29-Apr-2025 8:58,45.63,43.95,3.82%
30-Apr-2025 8:57,45.67,44.16,3.42%
02-May-2025 8:58,45.97,44.33,3.70%
05-May-2025 8:59,45.89,44.16,3.92%
06-May-2025 8:56,45.97,44.28,3.82%
07-May-2025 8:57,45.89,44.19,3.85%
08-May-2025 9:00,45.99,44.06,4.38%
09-May-2025 9:07,46.42,44.71,3.82%
12-May-2025 9:03,46.4,44.46,4.36%
13-May-2025 9:02,46.92,45.18,3.85%
14-May-2025 8:57,46.6,44.90,3.79%
15-May-2025 9:01,46.6,44.63,4.41%
16-May-2025 9:04,46.59,44.86,3.86%
19-May-2025 8:58,46.67,45.22,3.21%
20-May-2025 8:57,46.46,44.72,3.89%
21-May-2025 9:00,46.16,44.19,4.46%
21-May-2025 9:02,46.16,44.19,4.46%
22-May-2025 8:58,46.16,44.20,4.43%
23-May-2025 9:00,46.26,44.46,4.05%
26-May-2025 9:01,45.91,44.16,3.96%
27-May-2025 9:07,46,44.13,4.24%
28-May-2025 8:57,46.38,44.37,4.53%
29-May-2025 9:00,46.61,44.59,4.53%
30-May-2025 9:00,46.24,44.76,3.31%
02-Jun-2025 9:02,46.22,44.47,3.94%
03-Jun-2025 9:00,46.04,44.25,4.05%
04-Jun-2025 8:57,46.28,44.55,3.88%
05-Jun-2025 8:58,46.16,44.37,4.03%
06-Jun-2025 8:58,46.06,45.57,1.08%
09-Jun-2025 8:59,46.16,44.75,3.15%
10-Jun-2025 9:02,46.33,44.86,3.28%
10-Jun-2025 9:46,46.31,44.86,3.23%
11-Jun-2025 9:01,46.28,44.48,4.05%
12-Jun-2025 9:00,45.95,44.25,3.84%
12-Jun-2025 9:00,45.95,44.25,3.84%
13-Jun-2025 9:01,45.95,44.51,3.24%
16-Jun-2025 9:01,45.95,45.15,1.77%
16-Jun-2025 10:01,45.94,45.15,1.75%
17-Jun-2025 9:01,45.86,44.41,3.27%
18-Jun-2025 9:08,46.12,44.20,4.34%
19-Jun-2025 9:05,46.3,44.61,3.79%
19-Jun-2025 9:45,46.29,44.61,3.77%
20-Jun-2025 9:02,46.06,44.62,3.23%
23-Jun-2025 8:59,46.21,44.76,3.24%
24-Jun-2025 9:00,45.8,44.13,3.78%
24-Jun-2025 9:54,45.83,44.13,3.85%
25-Jun-2025 8:59,45.83,44.13,3.85%
26-Jun-2025 8:57,45.59,44.15,3.26%
27-Jun-2025 8:58,45.58,44.18,3.17%
30-Jun-2025 9:07,45.49,43.82,3.81%
01-Jul-2025 9:02,45.31,44.70,1.36%
02-Jul-2025 9:02,45.3,43.52,4.09%
03-Jul-2025 9:02,45.32,43.87,3.31%
04-Jul-2025 9:02,45.41,43.95,3.32%
07-Jul-2025 9:00,45.45,43.98,3.34%
08-Jul-2025 9:00,45.56,44.11,3.29%
09-Jul-2025 9:05,45.76,44.29,3.32%
09-Jul-2025 9:34,45.74,44.29,3.27%
10-Jul-2025 9:00,45.66,44.15,3.42%
11-Jul-2025 9:00,45.91,45.33,1.28%
14-Jul-2025 8:57,45.89,44.41,3.33%
15-Jul-2025 9:03,45.9,44.44,3.29%
16-Jul-2025 9:49,46.17,45.59,1.27%
17-Jul-2025 9:01,46.17,44.40,3.99%
18-Jul-2025 9:00,46.17,45.55,1.36%
18-Jul-2025 10:23,46.15,45.55,1.32%
18-Jul-2025 10:23,46.15,45.55,1.32%
21-Jul-2025 9:01,46.14,44.69,3.24%
22-Jul-2025 9:02,45.92,44.49,3.21%
23-Jul-2025 9:00,45.8,45.20,1.33%
24-Jul-2025 9:04,45.69,44.25,3.25%
25-Jul-2025 9:04,45.86,44.16,3.85%
28-Jul-2025 9:01,45.84,44.38,3.29%
29-Jul-2025 9:01,46.54,44.84,3.79%
30-Jul-2025 9:01,46.67,45.15,3.37%
31-Jul-2025 9:01,47.24,45.65,3.48%
01-Aug-2025 9:00,47.3,46.70,1.28%
04-Aug-2025 8:58,46.67,45.25,3.14%
05-Aug-2025 8:58,46.82,44.70,4.74%
05-Aug-2025 10:57,46.15,44.70,3.24%
06-Aug-2025 8:57,46.08,44.63,3.25%
07-Aug-2025 9:01,45.77,44.08,3.83%
08-Aug-2025 8:59,45.87,44.41,3.29%
11-Aug-2025 9:03,45.84,44.13,3.87%
12-Aug-2025 9:02,46.08,44.63,3.25%
13-Aug-2025 9:02,45.88,44.18,3.85%
14-Aug-2025 9:00,45.84,44.35,3.36%
15-Aug-2025 9:14,46.05,45.43,1.36%
18-Aug-2025 9:00,45.91,44.48,3.21%
19-Aug-2025 8:59,46.15,44.68,3.29%
20-Aug-2025 9:02,46.28,44.69,3.56%
21-Aug-2025 9:00,46.26,45.66,1.31%
22-Aug-2025 9:10,46.56,45.11,3.21%
25-Aug-2025 9:00,46.14,44.40,3.92%
25-Aug-2025 10:34,46.1,44.40,3.83%
26-Aug-2025 9:02,46.42,44.72,3.80%
26-Aug-2025 9:19,46.42,44.72,3.80%
26-Aug-2025 9:29,46.42,44.72,3.80%
27-Aug-2025 9:00,46.49,45.90,1.29%
29-Aug-2025 9:00,46.36,44.91,3.23%
01-Sep-2025 9:10,46.23,44.55,3.77%
02-Sep-2025 8:58,46.33,44.85,3.30%
02-Sep-2025 9:00,46.33,44.85,3.30%
02-Sep-2025 9:43,46.33,44.85,3.30%
03-Sep-2025 9:05,46.63,45.20,3.16%
04-Sep-2025 9:02,46.58,45.13,3.21%
05-Sep-2025 9:00,46.55,45.96,1.28%
08-Sep-2025 8:56,46.42,45.02,3.11%
09-Sep-2025 8:56,46.25,44.57,3.77%
10-Sep-2025 8:56,46.54,44.50,4.58%
10-Sep-2025 11:52,45.95,44.50,3.26%
10-Sep-2025 14:46,45.95,44.50,3.26%
11-Sep-2025,46.01,44.31,3.84%
11-Sep-2025 9:00,46.01,44.31,3.84%
12-Sep-2025 8:59,45.94,45.35,1.30%
15-Sep-2025 9:00,45.94,44.24,3.84%
16-Sep-2025 8:58,45.79,45.11,1.51%
16-Sep-2025 10:59,45.71,45.11,1.33%
17-Sep-2025 9:01,45.46,44.06,3.18%
18-Sep-2025 9:01,45.69,44.26,3.23%
19-Sep-2025 9:00,45.87,44.35,3.43%
19-Sep-2025 9:57,45.82,44.35,3.31%
22-Sep-2025 9:00,46,44.30,3.84%
23-Sep-2025 9:02,45.73,44.27,3.30%
23-Sep-2025 9:10,45.73,44.27,3.30%
24-Sep-2025 8:58,45.73,44.30,3.23%
25-Sep-2025 9:37,45.93,45.35,1.28%
26-Sep-2025 9:01,46.23,44.78,3.24%
29-Sep-2025 9:01,46.06,44.60,3.27%
30-Sep-2025 8:58,46.11,44.66,3.25%
01-Oct-2025 9:07,46.03,44.58,3.25%
02-Oct-2025 9:29,46.11,44.26,4.18%
02-Oct-2025 11:16,45.71,44.26,3.28%
03-Oct-2025 9:00,45.76,45.18,1.28%
06-Oct-2025 9:00,45.76,44.34,3.20%
07-Oct-2025 9:01,45.88,44.20,3.80%
08-Oct-2025 9:00,46.23,44.75,3.31%
09-Oct-2025 8:59,46.14,43.95,4.98%
09-Oct-2025 10:38,45.65,43.95,3.87%
10-Oct-2025 8:59,45.93,44.24,3.82%
10-Oct-2025 9:45,45.93,44.24,3.82%
13-Oct-2025 10:58,45.73,44.05,3.81%
14-Oct-2025 9:07,45.91,44.22,3.82%
15-Oct-2025 8:59,45.81,45.25,1.24%
16-Oct-2025 9:09,45.68,43.95,3.94%
16-Oct-2025 11:23,45.65,43.95,3.87%
17-Oct-2025 8:57,45.47,44.03,3.27%
21-Oct-2025 9:01,45.8,44.11,3.83%
22-Oct-2025 9:00,45.93,44.21,3.89%
23-Oct-2025 9:01,45.99,44.28,3.86%
24-Oct-2025 8:59,45.97,44.54,3.21%
27-Oct-2025 8:59,45.92,44.24,3.80%
28-Oct-2025 8:58,45.81,44.33,3.34%
29-Oct-2025 8:58,45.95,44.26,3.82%
30-Oct-2025 8:58,45.99,44.49,3.37%
31-Oct-2025 9:02,46.26,44.75,3.37%
03-Nov-2025 9:23,46.44,44.95,3.31%
04-Nov-2025 8:57,46.57,44.90,3.72%
04-Nov-2025 10:38,46.35,44.90,3.23%
05-Nov-2025 9:00,46.48,45.03,3.22%
06-Nov-2025 8:58,46.45,45.80,1.42%
07-Nov-2025 9:08,46.37,44.91,3.25%
10-Nov-2025 8:57,46.31,44.61,3.81%
11-Nov-2025 8:53,46.34,44.64,3.81%
12-Nov-2025 8:55,46.31,44.87,3.21%
13-Nov-2025 9:01,46.28,44.80,3.30%
13-Nov-2025 10:36,46.25,44.80,3.24%
14-Nov-2025 8:57,46.08,45.50,1.27%
17-Nov-2025 9:02,46.28,44.55,3.88%
18-Nov-2025 8:59,46.28,44.87,3.14%
19-Nov-2025 8:56,46.42,44.67,3.92%
20-Nov-2025 9:01,46.71,44.97,3.87%
21-Nov-2025 8:59,46.65,46.05,1.30%
24-Nov-2025 8:59,46.77,45.07,3.77%
25-Nov-2025 9:24,46.8,45.03,3.93%
26-Nov-2025 9:14,46.57,45.13,3.19%
27-Nov-2025 8:57,46.52,44.84,3.75%
28-Nov-2025 8:59,46.62,44.92,3.78%
01-Dec-2025 8:58,46.6,44.91,3.76%
02-Dec-2025 8:59,46.58,44.89,3.76%
03-Dec-2025 10:12,46.51,44.83,3.75%
03-Dec-2025 10:14,46.51,44.83,3.75%
04-Dec-2025 8:55,46.48,44.81,3.73%
05-Dec-2025 8:56,46.55,45.95,1.31%
08-Dec-2025 8:58,46.55,44.87,3.74%
09-Dec-2025 8:52,46.63,44.90,3.85%
10-Dec-2025 8:56,46.73,45.00,3.84%
10-Dec-2025 10:38,46.7,45.00,3.78%
10-Dec-2025 10:45,46.7,45.00,3.78%
11-Dec-2025 8:55,46.5,44.82,3.75%
12-Dec-2025 8:57,46.37,45.75,1.36%
15-Dec-2025 9:04,46.4,44.70,3.80%
16-Dec-2025 9:02,46.37,44.67,3.81%
17-Dec-2025 8:55,46.5,44.80,3.79%
18-Dec-2025 8:58,46.48,45.89,1.29%
19-Dec-2025 8:58,46.6,44.90,3.79%
19-Dec-2025 9:01,46.6,44.90,3.79%
22-Dec-2025 8:59,46.6,45.17,3.17%
23-Dec-2025 8:57,46.42,44.97,3.22%
24-Dec-2025 8:53,46.4,44.95,3.23%
26-Dec-2025 8:55,46.47,44.99,3.29%
26-Dec-2025 9:06,46.47,44.99,3.29%
26-Dec-2025 9:41,46.44,44.99,3.22%
29-Dec-2025 9:02,46.51,45.91,1.31%
30-Dec-2025 8:58,46.51,44.81,3.79%
31-Dec-2025 9:01,46.67,45.00,3.71%
05-Jan-2026 8:56,46.95,45.49,3.21%
06-Jan-2026 8:55,46.75,45.30,3.20%
07-Jan-2026 9:00,46.94,45.45,3.28%
08-Jan-2026 9:00,47.03,45.53,3.29%
09-Jan-2026 9:01,47.16,45.41,3.85%
12-Jan-2026 8:58,47.16,45.42,3.83%
13-Jan-2026 8:55,47.14,45.71,3.13%
14-Jan-2026 9:04,47.26,46.00,2.74%
14-Jan-2026 9:04,47.26,46.00,2.74%
14-Jan-2026 11:17,46.6,46.00,1.30%
15-Jan-2026 9:01,46.67,45.20,3.25%
15-Jan-2026 9:01,46.67,45.20,3.25%
15-Jan-2026 9:29,46.65,45.20,3.21%
16-Jan-2026 8:58,46.76,46.17,1.28%
19-Jan-2026 8:56,46.71,45.03,3.73%
20-Jan-2026 8:59,46.61,44.94,3.72%
21-Jan-2026 9:03,46.43,44.75,3.75%
22-Jan-2026 8:56,46.54,44.85,3.77%
23-Jan-2026 8:57,46.38,44.91,3.27%
26-Jan-2026 9:11,45.98,44.27,3.86%
27-Jan-2026 8:56,45.95,44.27,3.79%
28-Jan-2026 9:00,45.53,43.84,3.85%
29-Jan-2026 9:09,45.58,43.90,3.83%
30-Jan-2026 8:57,45.85,44.18,3.78%
02-Feb-2026 9:00,46.13,44.65,3.31%
03-Feb-2026 8:57,46.37,44.64,3.88%
04-Feb-2026 8:54,46.32,44.63,3.79%
05-Feb-2026 8:56,46.5,45.90,1.31%
06-Feb-2026 9:45,46.5,44.81,3.77%
09-Feb-2026 9:00,46.4,45.83,1.24%
10-Feb-2026 9:02,46.13,44.43,3.83%
11-Feb-2026 9:00,46.13,44.68,3.25%
12-Feb-2026 9:00,46.35,44.87,3.30%
13-Feb-2026 8:56,46.35,45.78,1.25%
16-Feb-2026 8:50,46.35,44.68,3.74%
18-Feb-2026 8:56,46.47,45.00,3.27%
19-Feb-2026 8:58,46.72,44.95,3.94%
20-Feb-2026 8:58,46.87,46.27,1.30%
23-Feb-2026 8:58,46.66,44.96,3.78%
24-Feb-2026 8:57,46.88,45.20,3.72%
25-Feb-2026 8:56,46.82,45.14,3.72%
26-Feb-2026 8:57,46.77,45.06,3.79%
27-Feb-2026 9:00,46.83,46.25,1.25%
02-Mar-2026 9:05,46.96,45.77,2.60%
03-Mar-2026 8:56,47.4,45.93,3.20%
04-Mar-2026 8:57,47.83,46.33,3.24%
05-Mar-2026 8:57,47.83,46.32,3.26%
06-Mar-2026 9:00,47.83,47.25,1.23%
09-Mar-2026 8:59,48.29,45.15,6.95%
09-Mar-2026 11:48,46.6,45.15,3.21%
10-Mar-2026 9:01,46.39,44.70,3.78%
11-Mar-2026 9:02,46.36,44.66,3.81%
13-Mar-2026 8:59,46.94,46.36,1.25%
16-Mar-2026 8:56,47.22,45.74,3.24%
17-Mar-2026 8:56,47.09,45.62,3.22%
18-Mar-2026 9:00,46.97,45.26,3.78%
20-Mar-2026 8:59,46.95,46.35,1.29%
23-Mar-2026 8:56,47.04,45.57,3.23%
24-Mar-2026 8:59,46.98,45.50,3.25%
24-Mar-2026 9:55,46.95,45.50,3.19%
25-Mar-2026 8:55,46.89,45.46,3.15%
26-Mar-2026 9:46,47.06,45.38,3.70%
27-Mar-2026 8:57,47.24,46.62,1.33%
27-Mar-2026 9:48,47.22,46.62,1.29%
30-Mar-2026 8:58,47.33,45.64,3.70%
31-Mar-2026 9:00,47.56,46.10,3.17%
01-Apr-2026 8:55,47.23,45.79,3.14%
02-Apr-2026 8:59,47.38,46.79,1.26%
03-Apr-2026 8:55,47.38,45.94,3.13%
03-Apr-2026 8:57,47.38,45.94,3.13%
06-Apr-2026 8:55,47.49,46.00,3.24%
07-Apr-2026 9:24,47.47,45.77,3.71%
07-Apr-2026 10:52,47.47,45.77,3.71%
08-Apr-2026 9:00,46.95,45.52,3.14%
09-Apr-2026 9:00,47.03,45.33,3.75%
10-Apr-2026 8:59,46.97,46.35,1.34%
13-Apr-2026 9:00,47.01,46.56,0.97%
14-Apr-2026 8:58,46.74,46.29,0.97%
15-Apr-2026 9:01,46.7,46.25,0.97%
16-Apr-2026 9:00,46.65,46.21,0.95%
16-Apr-2026 11:13,46.66,46.21,0.97%
17-Apr-2026 9:01,46.73,46.28,0.97%
20-Apr-2026 8:58,46.86,46.41,0.97%
21-Apr-2026 8:56,46.81,46.37,0.95%
22-Apr-2026 8:55,46.99,46.52,1.01%
23-Apr-2026 8:56,47.19,46.74,0.96%
24-Apr-2026 8:53,47.31,46.87,0.94%
27-Apr-2026 9:01,47.14,46.71,0.92%
28-Apr-2026 9:45,47.23,46.78,0.96%
29-Apr-2026 8:59,47.27,46.83,0.94%
30-Apr-2026 8:57,47.49,47.04,0.96%
04-May-2026 8:59,47.44,46.76,1.45%
05-May-2026 9:03,47.65,46.95,1.49%
06-May-2026 8:58,47.49,46.78,1.52%
07-May-2026 8:51,47.41,46.72,1.48%
08-May-2026 8:58,47.51,46.82,1.47%
11-May-2026 8:59,47.4,46.73,1.43%
12-May-2026 8:54,47.4,#N/A,#N/A
13-May-2026 8:51,47.5,46.81,1.47%